name,begin_date,end_date
CRYO2,2010-04-15T17:47:00Z,2010-04-15T17:48:00Z
CRYO2,2010-05-03T17:55:00Z,2010-05-04T00:35:00Z
CRYO2,2010-05-04T18:38:00Z,2010-05-04T18:48:00Z
CRYO2,2010-05-05T17:44:00Z,2010-05-05T17:59:00Z
CRYO2,2010-05-06T18:26:00Z,2010-05-06T18:51:00Z
CRYO2,2010-05-18T00:42:00Z,2010-05-18T04:16:00Z
CRYO2,2010-05-18T23:51:00Z,2010-05-19T03:24:00Z
CRYO2,2010-05-20T00:38:00Z,2010-05-20T04:11:00Z
CRYO2,2010-05-20T23:46:00Z,2010-05-21T00:02:00Z
CRYO2,2010-05-27T00:27:00Z,2010-05-27T04:01:00Z
CRYO2,2010-05-28T01:14:00Z,2010-05-28T04:51:00Z
CRYO2,2010-06-15T03:02:00Z,2010-06-15T03:15:00Z
CRYO2,2010-06-18T01:14:00Z,2010-06-18T01:15:00Z
CRYO2,2010-07-20T12:37:00Z,2010-07-20T12:37:00Z
CRYO2,2010-10-02T03:01:00Z,2010-10-02T07:31:00Z
CRYO2,2010-10-28T06:33:00Z,2010-10-28T06:33:00Z
CRYO2,2010-12-16T03:07:00Z,2010-12-16T03:09:00Z
CRYO2,2011-01-21T10:05:00Z,2011-01-21T10:07:00Z
CRYO2,2011-03-11T08:19:00Z,2011-03-11T08:22:00Z
CRYO2,2011-04-14T09:34:00Z,2011-04-14T09:38:00Z
CRYO2,2011-06-01T06:13:00Z,2011-06-01T06:14:00Z
CRYO2,2011-07-28T04:25:00Z,2011-07-28T04:28:00Z
CRYO2,2011-09-01T11:13:00Z,2011-09-01T11:16:00Z
CRYO2,2011-09-29T08:29:00Z,2011-09-29T08:33:00Z
CRYO2,2011-10-21T09:21:00Z,2011-10-21T09:25:00Z
CRYO2,2011-11-09T12:47:00Z,2011-11-09T12:53:00Z
CRYO2,2011-11-29T07:07:00Z,2011-11-29T07:12:00Z
CRYO2,2011-12-21T09:39:00Z,2011-12-21T09:41:00Z
CRYO2,2012-02-16T06:47:00Z,2012-02-16T06:49:00Z
CRYO2,2012-03-15T14:02:00Z,2012-03-15T14:04:00Z
CRYO2,2012-03-22T14:37:00Z,2012-03-22T14:38:00Z
CRYO2,2012-04-19T11:57:00Z,2012-04-19T11:59:00Z
CRYO2,2012-05-15T11:00:00Z,2012-05-15T11:03:00Z
CRYO2,2012-06-12T09:59:00Z,2012-06-12T10:03:00Z
CRYO2,2012-07-12T08:56:00Z,2012-07-12T08:57:00Z
CRYO2,2012-07-26T06:47:00Z,2012-07-26T06:48:00Z
CRYO2,2012-08-13T07:16:00Z,2012-08-13T07:17:00Z
CRYO2,2012-09-20T08:03:00Z,2012-09-20T08:06:00Z
CRYO2,2012-10-18T07:03:00Z,2012-10-18T07:06:00Z
CRYO2,2012-11-29T12:09:00Z,2012-11-29T12:12:00Z
CRYO2,2013-01-09T21:24:00Z,2013-01-09T21:28:00Z
CRYO2,2013-01-31T10:42:00Z,2013-01-31T10:45:00Z
CRYO2,2013-03-07T08:37:00Z,2013-03-07T08:39:00Z
CRYO2,2013-04-04T12:34:00Z,2013-04-04T12:37:00Z
CRYO2,2013-04-23T09:24:00Z,2013-04-23T09:26:00Z
CRYO2,2013-05-16T07:45:00Z,2013-05-16T07:47:00Z
CRYO2,2013-06-06T06:11:00Z,2013-06-06T06:13:00Z
CRYO2,2013-07-19T05:27:00Z,2013-07-19T05:30:00Z
CRYO2,2013-08-15T13:34:00Z,2013-08-15T13:36:00Z
CRYO2,2013-09-03T21:58:00Z,2013-09-03T22:01:00Z
CRYO2,2013-10-10T21:27:00Z,2013-10-10T21:30:00Z
CRYO2,2013-10-15T00:42:00Z,2013-10-15T00:48:00Z
CRYO2,2013-10-15T03:55:00Z,2013-10-15T04:00:00Z
CRYO2,2013-11-01T09:07:00Z,2013-11-01T09:09:00Z
CRYO2,2013-11-15T05:17:00Z,2013-11-15T05:22:00Z
CRYO2,2013-12-05T09:32:00Z,2013-12-05T09:35:00Z
CRYO2,2013-12-18T18:08:00Z,2013-12-18T18:11:00Z
CRYO2,2014-01-09T05:24:00Z,2014-01-09T05:26:00Z
CRYO2,2014-01-31T06:41:00Z,2014-01-31T06:42:00Z
CRYO2,2014-02-19T06:49:00Z,2014-02-19T06:51:00Z
CRYO2,2014-03-05T09:28:00Z,2014-03-05T09:32:00Z
CRYO2,2014-03-21T05:43:00Z,2014-03-21T05:47:00Z
CRYO2,2014-04-03T04:26:00Z,2014-04-03T04:30:00Z
CRYO2,2014-04-20T10:12:00Z,2014-04-20T10:16:00Z
CRYO2,2014-05-16T08:40:00Z,2014-05-16T08:44:00Z
CRYO2,2014-06-18T08:18:00Z,2014-06-18T08:22:00Z
CRYO2,2014-07-18T12:12:00Z,2014-07-18T12:14:00Z
CRYO2,2014-08-28T08:15:00Z,2014-08-28T08:17:00Z
CRYO2,2014-09-24T08:06:00Z,2014-09-24T08:09:00Z
CRYO2,2014-10-07T00:54:00Z,2014-10-07T00:58:00Z
CRYO2,2014-10-09T05:55:00Z,2014-10-09T05:57:00Z
CRYO2,2014-10-30T05:09:00Z,2014-10-30T05:12:00Z
CRYO2,2014-11-14T05:26:00Z,2014-11-14T05:30:00Z
CRYO2,2014-12-04T13:00:00Z,2014-12-04T13:03:00Z
CRYO2,2014-12-19T04:56:00Z,2014-12-19T05:00:00Z
CRYO2,2015-01-08T14:11:00Z,2015-01-08T14:16:00Z
CRYO2,2015-01-17T05:17:00Z,2015-01-17T05:21:00Z
CRYO2,2015-01-20T10:26:00Z,2015-01-20T10:32:00Z
CRYO2,2015-02-12T10:26:00Z,2015-02-12T10:32:00Z
CRYO2,2015-03-16T22:33:00Z,2015-03-16T22:36:00Z
CRYO2,2015-04-07T18:26:00Z,2015-04-07T18:30:00Z
CRYO2,2015-04-30T06:52:00Z,2015-04-30T06:55:00Z
CRYO2,2015-05-25T06:48:00Z,2015-05-25T06:51:00Z
CRYO2,2015-06-30T12:09:00Z,2015-06-30T12:10:00Z
CRYO2,2015-07-27T00:00:00Z,2015-07-27T02:09:00Z
CRYO2,2015-08-27T01:46:00Z,2015-08-27T01:49:00Z
CRYO2,2015-10-01T23:59:00Z,2015-10-02T00:01:00Z
CRYO2,2015-11-03T19:10:00Z,2015-11-03T19:13:00Z
CRYO2,2015-11-30T19:01:00Z,2015-11-30T19:04:00Z
CRYO2,2015-12-22T05:01:00Z,2015-12-22T05:02:00Z
CRYO2,2016-01-15T07:29:00Z,2016-01-15T07:30:00Z
CRYO2,2016-02-19T05:23:00Z,2016-02-19T05:25:00Z
CRYO2,2016-03-22T04:12:00Z,2016-03-22T04:15:00Z
CRYO2,2016-04-05T22:54:00Z,2016-04-06T08:44:00Z
CRYO2,2016-05-10T11:34:00Z,2016-05-10T11:36:00Z
CRYO2,2016-06-23T23:11:00Z,2016-06-23T23:13:00Z
CRYO2,2016-07-28T08:00:00Z,2016-07-28T08:00:00Z
CRYO2,2016-10-20T04:52:00Z,2016-10-20T04:54:00Z
CRYO2,2016-12-16T05:17:00Z,2016-12-16T05:19:00Z
CRYO2,2017-02-07T14:07:00Z,2017-02-07T14:09:00Z
CRYO2,2017-03-16T05:21:00Z,2017-03-16T05:22:00Z
CRYO2,2017-05-31T12:45:00Z,2017-05-31T12:46:00Z
CRYO2,2017-07-06T04:39:00Z,2017-07-06T04:40:00Z
CRYO2,2017-08-23T07:52:00Z,2017-08-23T07:54:00Z
CRYO2,2017-10-05T12:07:00Z,2017-10-05T12:10:00Z
CRYO2,2017-11-30T13:00:00Z,2017-11-30T13:02:00Z
CRYO2,2017-12-20T11:02:00Z,2017-12-20T11:03:00Z
CRYO2,2018-03-16T06:03:00Z,2018-03-16T06:05:00Z
CRYO2,2018-03-23T08:13:00Z,2018-03-23T08:19:00Z
CRYO2,2018-03-23T15:47:00Z,2018-03-23T15:52:00Z
CRYO2,2018-04-26T03:57:00Z,2018-04-26T03:59:00Z
CRYO2,2018-07-03T13:06:00Z,2018-07-03T13:08:00Z
CRYO2,2018-07-09T03:32:00Z,2018-07-09T03:38:00Z
CRYO2,2018-07-12T05:52:00Z,2018-07-12T05:58:00Z
CRYO2,2018-11-15T09:14:00Z,2018-11-15T09:15:00Z
CRYO2,2018-12-13T08:04:00Z,2018-12-13T08:06:00Z
CRYO2,2018-12-22T21:20:00Z,2018-12-22T23:05:00Z
CRYO2,2019-02-14T09:56:00Z,2019-02-14T09:58:00Z
CRYO2,2019-04-03T11:32:00Z,2019-04-03T11:33:00Z
CRYO2,2019-06-06T05:55:00Z,2019-06-06T05:56:00Z
CRYO2,2019-07-31T04:46:00Z,2019-07-31T04:47:00Z
CRYO2,2019-09-17T14:36:00Z,2019-09-17T14:38:00Z
CRYO2,2019-11-13T15:02:00Z,2019-11-13T15:04:00Z
CRYO2,2020-01-15T12:10:00Z,2020-01-15T12:11:00Z
CRYO2,2020-02-27T16:12:00Z,2020-02-27T16:14:00Z
CRYO2,2020-04-02T19:02:00Z,2020-04-02T19:04:00Z
CRYO2,2020-05-14T15:55:00Z,2020-05-14T15:57:00Z
CRYO2,2020-07-16T22:41:00Z,2020-07-16T22:50:00Z
CRYO2,2020-07-20T22:34:00Z,2020-07-21T00:19:00Z
CRYO2,2020-07-21T01:53:00Z,2020-07-21T03:38:00Z
CRYO2,2020-07-23T23:18:00Z,2020-07-24T01:02:00Z
CRYO2,2020-07-24T02:36:00Z,2020-07-24T04:21:00Z
CRYO2,2020-07-27T23:10:00Z,2020-07-28T00:54:00Z
CRYO2,2020-07-28T02:28:00Z,2020-07-28T04:13:00Z
CRYO2,2020-07-30T23:20:00Z,2020-07-30T23:27:00Z
CRYO2,2020-09-09T08:35:00Z,2020-09-09T08:37:00Z
CRYO2,2020-10-22T06:16:00Z,2020-10-22T06:17:00Z
CRYO2,2020-11-25T18:45:00Z,2020-11-25T18:47:00Z
CRYO2,2020-12-03T09:40:00Z,2020-12-03T11:21:00Z
CRYO2,2021-01-26T23:06:00Z,2021-01-26T23:08:00Z
CRYO2,2021-03-23T19:47:00Z,2021-03-23T19:49:00Z
CRYO2,2021-05-20T08:03:00Z,2021-05-20T08:04:00Z
CRYO2,2021-06-17T15:25:00Z,2021-06-17T15:27:00Z
CRYO2,2021-07-29T02:32:00Z,2021-07-29T02:34:00Z
CRYO2,2021-09-16T01:47:00Z,2021-09-16T01:50:00Z
CRYO2,2021-10-13T23:17:00Z,2021-10-13T23:19:00Z
CRYO2,2021-11-25T21:07:00Z,2021-11-25T21:09:00Z
CRYO2,2021-12-22T12:40:00Z,2021-12-22T12:42:00Z
CRYO2,2022-01-21T03:35:00Z,2022-01-21T03:36:00Z
CRYO2,2022-02-22T17:28:00Z,2022-02-22T17:30:00Z
CRYO2,2022-03-22T16:24:00Z,2022-03-22T16:27:00Z
CRYO2,2022-04-13T15:52:00Z,2022-04-13T15:55:00Z
CRYO2,2022-04-28T11:18:00Z,2022-04-28T13:01:00Z
CRYO2,2022-05-05T14:55:00Z,2022-05-05T14:59:00Z
CRYO2,2022-05-24T15:20:00Z,2022-05-24T15:22:00Z
CRYO2,2022-06-07T09:24:00Z,2022-06-07T11:11:00Z
CRYO2,2022-06-07T12:42:00Z,2022-06-07T14:29:00Z
CRYO2,2022-06-09T18:53:00Z,2022-06-09T18:55:00Z
CRYO2,2022-06-20T18:29:00Z,2022-06-20T20:14:00Z
CRYO2,2022-06-20T21:48:00Z,2022-06-20T21:53:00Z
CRYO2,2022-06-23T17:33:00Z,2022-06-23T19:19:00Z
CRYO2,2022-06-27T17:26:00Z,2022-06-27T17:32:00Z
CRYO2,2022-07-14T14:37:00Z,2022-07-14T14:39:00Z
CRYO2,2022-08-03T17:18:00Z,2022-08-03T17:20:00Z
CRYO2,2022-09-01T17:13:00Z,2022-09-01T17:14:00Z
CRYO2,2022-09-29T16:20:00Z,2022-09-29T16:22:00Z
CRYO2,2022-10-02T19:36:00Z,2022-10-02T19:38:00Z
CRYO2,2022-10-05T19:26:00Z,2022-10-05T19:29:00Z
ENVI1,2002-04-19T04:55:00Z,2002-04-19T07:46:00Z
ENVI1,2002-05-09T05:21:00Z,2002-05-09T08:12:00Z
ENVI1,2002-06-01T10:26:00Z,2002-06-01T13:16:00Z
ENVI1,2002-07-06T03:47:00Z,2002-07-06T06:38:00Z
ENVI1,2002-08-06T03:38:00Z,2002-08-06T06:28:00Z
ENVI1,2002-08-26T17:07:00Z,2002-08-26T19:58:00Z
ENVI1,2002-09-09T23:35:00Z,2002-09-10T01:48:00Z
ENVI1,2002-09-11T01:55:00Z,2002-09-11T03:55:00Z
ENVI1,2002-09-25T22:21:00Z,2002-09-26T01:11:00Z
ENVI1,2002-10-17T19:18:00Z,2002-10-17T22:09:00Z
ENVI1,2002-11-07T18:15:00Z,2002-11-07T21:06:00Z
ENVI1,2002-11-29T03:35:00Z,2002-11-29T06:25:00Z
ENVI1,2002-12-18T04:28:00Z,2002-12-18T06:36:00Z
ENVI1,2002-12-18T22:17:00Z,2002-12-19T00:17:00Z
ENVI1,2003-01-14T00:55:00Z,2003-01-14T03:45:00Z
ENVI1,2003-02-11T23:04:00Z,2003-02-12T01:04:00Z
ENVI1,2003-02-21T03:42:00Z,2003-02-21T05:53:00Z
ENVI1,2003-03-03T23:51:00Z,2003-03-04T01:51:00Z
ENVI1,2003-04-04T00:41:00Z,2003-04-04T02:41:00Z
ENVI1,2003-05-14T22:40:00Z,2003-05-15T00:40:00Z
ENVI1,2003-05-20T04:11:00Z,2003-05-20T06:23:00Z
ENVI1,2003-06-07T01:08:00Z,2003-06-07T03:08:00Z
ENVI1,2003-07-11T00:58:00Z,2003-07-11T03:49:00Z
ENVI1,2003-08-15T01:31:00Z,2003-08-15T03:31:00Z
ENVI1,2003-09-30T00:40:00Z,2003-09-30T02:41:00Z
ENVI1,2003-10-28T04:56:00Z,2003-10-28T07:09:00Z
ENVI1,2003-10-31T01:13:00Z,2003-10-31T03:13:00Z
ENVI1,2003-11-18T23:02:00Z,2003-11-19T01:52:00Z
ENVI1,2003-12-15T21:02:00Z,2003-12-15T23:02:00Z
ENVI1,2003-12-26T21:03:00Z,2003-12-26T23:03:00Z
ENVI1,2004-01-21T23:54:00Z,2004-01-22T01:54:00Z
ENVI1,2004-01-26T22:26:00Z,2004-01-27T00:26:00Z
ENVI1,2004-02-04T04:46:00Z,2004-02-04T06:58:00Z
ENVI1,2004-02-05T11:17:00Z,2004-02-05T13:17:00Z
ENVI1,2004-02-24T11:48:00Z,2004-02-24T13:48:00Z
ENVI1,2004-04-07T20:05:00Z,2004-04-07T22:05:00Z
ENVI1,2004-04-14T04:43:00Z,2004-04-14T06:55:00Z
ENVI1,2004-05-07T01:08:00Z,2004-05-07T03:09:00Z
ENVI1,2004-06-30T08:08:00Z,2004-06-30T10:08:00Z
ENVI1,2004-08-17T02:04:00Z,2004-08-17T04:04:00Z
ENVI1,2004-09-01T22:52:00Z,2004-09-02T00:52:00Z
ENVI1,2004-09-02T23:44:00Z,2004-09-03T01:44:00Z
ENVI1,2004-09-21T04:14:00Z,2004-09-21T06:29:00Z
ENVI1,2004-09-24T03:53:00Z,2004-09-24T05:53:00Z
ENVI1,2004-10-22T03:20:00Z,2004-10-22T07:00:00Z
ENVI1,2004-11-12T01:07:00Z,2004-11-12T03:08:00Z
ENVI1,2004-12-17T01:03:00Z,2004-12-17T03:03:00Z
ENVI1,2005-01-05T23:10:00Z,2005-01-06T01:10:00Z
ENVI1,2005-01-07T04:25:00Z,2005-01-07T06:38:00Z
ENVI1,2005-02-18T01:23:00Z,2005-02-18T03:23:00Z
ENVI1,2005-03-17T04:51:00Z,2005-03-17T07:06:00Z
ENVI1,2005-03-30T22:45:00Z,2005-03-31T00:46:00Z
ENVI1,2005-04-01T22:37:00Z,2005-04-02T00:37:00Z
ENVI1,2005-05-20T00:10:00Z,2005-05-20T02:10:00Z
ENVI1,2005-06-08T19:06:00Z,2005-06-08T21:06:00Z
ENVI1,2005-08-09T22:45:00Z,2005-08-10T00:45:00Z
ENVI1,2005-09-07T05:19:00Z,2005-09-07T07:36:00Z
ENVI1,2005-10-06T02:19:00Z,2005-10-06T02:19:00Z
ENVI1,2005-12-02T00:10:00Z,2005-12-02T00:10:00Z
ENVI1,2006-01-04T05:01:00Z,2006-01-04T05:01:00Z
ENVI1,2006-01-10T05:54:00Z,2006-01-10T06:11:00Z
ENVI1,2006-01-19T23:47:00Z,2006-01-19T23:47:00Z
ENVI1,2006-03-28T05:33:00Z,2006-03-28T05:52:00Z
ENVI1,2006-03-31T05:48:00Z,2006-03-31T05:48:00Z
ENVI1,2006-06-01T00:53:00Z,2006-06-01T00:53:00Z
ENVI1,2006-06-20T01:18:00Z,2006-06-20T02:58:00Z
ENVI1,2006-09-12T02:19:00Z,2006-09-12T04:19:00Z
ENVI1,2006-09-13T05:22:00Z,2006-09-13T05:40:00Z
ENVI1,2006-11-15T03:07:00Z,2006-11-15T03:08:00Z
ENVI1,2006-12-20T23:39:00Z,2006-12-20T23:39:00Z
ENVI1,2007-01-23T04:33:00Z,2007-01-23T04:51:00Z
ENVI1,2007-01-24T02:03:00Z,2007-01-24T02:03:00Z
ENVI1,2007-02-22T03:06:00Z,2007-02-22T03:06:00Z
ENVI1,2007-04-03T04:34:00Z,2007-04-03T04:50:00Z
ENVI1,2007-04-05T03:05:00Z,2007-04-05T03:05:00Z
ENVI1,2007-05-16T03:36:00Z,2007-05-16T03:36:00Z
ENVI1,2007-06-15T01:36:00Z,2007-06-15T01:36:00Z
ENVI1,2007-07-10T03:00:00Z,2007-07-10T03:00:00Z
ENVI1,2007-07-17T04:41:00Z,2007-07-17T04:43:00Z
ENVI1,2007-07-18T03:07:00Z,2007-07-18T03:08:00Z
ENVI1,2007-08-09T02:59:00Z,2007-08-09T02:59:00Z
ENVI1,2007-09-27T05:16:00Z,2007-09-27T05:31:00Z
ENVI1,2007-09-28T03:16:00Z,2007-09-28T03:16:00Z
ENVI1,2007-10-25T03:00:00Z,2007-10-25T03:00:00Z
ENVI1,2007-11-29T03:19:00Z,2007-11-29T03:19:00Z
ENVI1,2007-12-04T04:34:00Z,2007-12-04T04:49:00Z
ENVI1,2007-12-07T02:47:00Z,2007-12-07T02:47:00Z
ENVI1,2008-01-02T20:29:00Z,2008-01-02T20:29:00Z
ENVI1,2008-01-10T20:45:00Z,2008-01-10T20:45:00Z
ENVI1,2008-02-12T04:35:00Z,2008-02-12T04:49:00Z
ENVI1,2008-03-07T03:17:00Z,2008-03-07T03:17:00Z
ENVI1,2008-04-18T03:21:00Z,2008-04-18T03:21:00Z
ENVI1,2008-04-22T04:37:00Z,2008-04-22T04:47:00Z
ENVI1,2008-04-24T14:11:00Z,2008-04-24T14:11:00Z
ENVI1,2008-05-30T03:05:00Z,2008-05-30T03:05:00Z
ENVI1,2008-07-01T04:41:00Z,2008-07-01T04:43:00Z
ENVI1,2008-07-03T03:15:00Z,2008-07-03T04:55:00Z
ENVI1,2008-08-29T01:36:00Z,2008-08-29T01:36:00Z
ENVI1,2008-09-09T04:34:00Z,2008-09-09T04:50:00Z
ENVI1,2008-09-10T02:41:00Z,2008-09-10T02:41:00Z
ENVI1,2008-09-19T02:54:00Z,2008-09-19T02:54:00Z
ENVI1,2008-11-07T01:37:00Z,2008-11-07T01:37:00Z
ENVI1,2008-11-18T04:35:00Z,2008-11-18T04:49:00Z
ENVI1,2008-12-19T03:12:00Z,2008-12-19T03:12:00Z
ENVI1,2009-01-27T03:35:00Z,2009-01-27T05:49:00Z
ENVI1,2009-01-28T01:26:00Z,2009-01-28T03:26:00Z
ENVI1,2009-02-17T03:27:00Z,2009-02-17T03:27:00Z
ENVI1,2009-03-13T03:06:00Z,2009-03-13T03:06:00Z
ENVI1,2009-04-07T04:34:00Z,2009-04-07T04:50:00Z
ENVI1,2009-04-15T22:16:00Z,2009-04-15T23:56:00Z
ENVI1,2009-04-21T02:50:00Z,2009-04-21T02:50:00Z
ENVI1,2009-05-20T01:32:00Z,2009-05-20T03:13:00Z
ENVI1,2009-07-09T03:01:00Z,2009-07-09T03:01:00Z
ENVI1,2009-07-21T04:40:00Z,2009-07-21T04:44:00Z
ENVI1,2009-07-23T02:00:00Z,2009-07-23T02:50:00Z
ENVI1,2009-09-29T04:33:00Z,2009-09-29T04:51:00Z
ENVI1,2009-10-15T01:56:00Z,2009-10-15T01:56:00Z
ENVI1,2009-11-04T07:51:00Z,2009-11-04T09:32:00Z
ENVI1,2009-11-06T02:35:00Z,2009-11-06T02:35:00Z
ENVI1,2009-12-03T03:04:00Z,2009-12-03T03:04:00Z
ENVI1,2009-12-08T04:34:00Z,2009-12-08T04:49:00Z
ENVI1,2009-12-09T22:18:00Z,2009-12-09T22:18:00Z
ENVI1,2009-12-18T02:24:00Z,2009-12-18T02:24:00Z
ENVI1,2010-01-21T01:03:00Z,2010-01-21T04:44:00Z
ENVI1,2010-01-22T01:52:00Z,2010-01-22T01:52:00Z
ENVI1,2010-02-16T04:33:00Z,2010-02-16T04:50:00Z
ENVI1,2010-02-22T21:13:00Z,2010-02-22T22:04:00Z
ENVI1,2010-03-17T17:24:00Z,2010-03-17T19:05:00Z
ENVI1,2010-04-17T03:03:00Z,2010-04-17T04:44:00Z
ENVI1,2010-04-27T04:37:00Z,2010-04-27T04:47:00Z
ENVI1,2010-05-28T02:35:00Z,2010-05-28T04:15:00Z
ENVI1,2010-06-25T03:22:00Z,2010-06-25T03:23:00Z
ENVI1,2010-07-06T04:37:00Z,2010-07-06T04:47:00Z
ENVI1,2010-07-07T02:03:00Z,2010-07-07T02:03:00Z
ENVI1,2010-07-30T05:20:00Z,2010-07-30T05:20:00Z
ENVI1,2010-08-23T21:41:00Z,2010-08-23T21:41:00Z
ENVI1,2010-09-24T03:39:00Z,2010-09-24T03:39:00Z
ENVI1,2010-10-15T04:03:00Z,2010-10-15T04:03:00Z
ENVI1,2010-10-22T06:36:00Z,2010-10-22T09:35:00Z
ENVI1,2010-10-26T13:49:00Z,2010-10-26T16:42:00Z
ENVI1,2010-11-04T20:40:00Z,2010-11-04T21:31:00Z
ENVI1,2010-11-22T07:02:00Z,2010-11-22T08:42:00Z
ENVI1,2010-11-25T03:16:00Z,2010-11-25T04:56:00Z
ENVI1,2010-12-01T20:51:00Z,2010-12-02T00:12:00Z
ENVI1,2010-12-17T06:12:00Z,2010-12-17T06:12:00Z
ENVI1,2011-01-14T01:58:00Z,2011-01-14T01:58:00Z
ENVI1,2011-02-18T05:10:00Z,2011-02-18T05:10:00Z
ENVI1,2011-03-17T00:51:00Z,2011-03-17T02:31:00Z
ENVI1,2011-04-08T09:43:00Z,2011-04-08T09:43:00Z
ENVI1,2011-04-16T14:17:00Z,2011-04-16T14:17:00Z
ENVI1,2011-05-05T01:02:00Z,2011-05-05T01:03:00Z
ENVI1,2011-06-01T02:41:00Z,2011-06-01T03:32:00Z
ENVI1,2011-06-16T04:00:00Z,2011-06-16T05:40:00Z
ENVI1,2011-07-13T01:08:00Z,2011-07-13T04:48:00Z
ENVI1,2011-07-14T03:24:00Z,2011-07-14T07:04:00Z
ENVI1,2011-08-11T00:55:00Z,2011-08-11T02:35:00Z
ENVI1,2011-08-17T22:46:00Z,2011-08-18T00:26:00Z
ENVI1,2011-08-23T00:38:00Z,2011-08-23T00:38:00Z
ENVI1,2011-09-09T02:31:00Z,2011-09-09T04:11:00Z
ENVI1,2011-09-23T01:19:00Z,2011-09-23T02:59:00Z
ENVI1,2011-09-30T03:37:00Z,2011-09-30T04:27:00Z
ENVI1,2011-10-14T03:11:00Z,2011-10-14T03:11:00Z
ENVI1,2011-10-28T02:46:00Z,2011-10-28T02:46:00Z
ENVI1,2011-11-06T14:58:00Z,2011-11-06T18:19:00Z
ENVI1,2011-11-11T03:08:00Z,2011-11-11T03:58:00Z
ENVI1,2011-11-17T02:44:00Z,2011-11-17T02:45:00Z
ENVI1,2011-11-25T02:45:00Z,2011-11-25T02:45:00Z
ENVI1,2011-12-08T02:58:00Z,2011-12-08T02:58:00Z
ENVI1,2011-12-23T03:24:00Z,2011-12-23T05:25:00Z
ENVI1,2011-12-25T02:20:00Z,2011-12-25T02:20:00Z
ENVI1,2012-01-13T03:43:00Z,2012-01-13T03:43:00Z
ENVI1,2012-02-01T01:53:00Z,2012-02-01T01:53:00Z
ENVI1,2012-02-24T03:17:00Z,2012-02-24T05:17:00Z
ENVI1,2012-03-01T02:29:00Z,2012-03-01T04:49:00Z
ENVI1,2012-03-06T02:47:00Z,2012-03-06T04:47:00Z
ENVI1,2012-03-15T03:11:00Z,2012-03-15T03:12:00Z
ENVI1,2012-04-05T04:18:00Z,2012-04-05T04:18:00Z
HY-2A,2011-09-28T16:20:00Z,2011-09-28T16:20:00Z
HY-2A,2012-02-14T03:05:00Z,2012-02-14T03:05:00Z
HY-2A,2012-02-24T03:20:00Z,2012-02-24T03:20:00Z
HY-2A,2012-04-20T03:20:00Z,2012-04-20T03:20:00Z
HY-2A,2012-06-08T02:35:00Z,2012-06-08T02:35:00Z
HY-2A,2012-08-01T03:25:00Z,2012-08-01T03:25:00Z
HY-2A,2012-10-10T03:26:00Z,2012-10-10T03:26:00Z
HY-2A,2012-12-05T01:50:00Z,2012-12-05T01:50:00Z
HY-2A,2013-01-11T03:20:00Z,2013-01-11T03:20:00Z
HY-2A,2013-03-01T02:35:00Z,2013-03-01T02:35:00Z
HY-2A,2013-04-16T01:17:00Z,2013-04-16T01:17:00Z
HY-2A,2013-05-30T02:58:00Z,2013-05-30T02:58:00Z
HY-2A,2013-07-12T03:25:00Z,2013-07-12T03:25:00Z
HY-2A,2013-07-19T04:15:00Z,2013-07-19T04:15:00Z
HY-2A,2013-08-23T03:25:00Z,2013-08-23T03:25:00Z
HY-2A,2013-11-15T03:23:00Z,2013-11-15T03:23:00Z
HY-2A,2013-12-24T02:25:00Z,2013-12-24T02:25:00Z
HY-2A,2014-02-18T04:02:00Z,2014-02-18T04:02:00Z
HY-2A,2014-03-14T12:36:00Z,2014-03-14T12:36:00Z
HY-2A,2014-04-16T04:23:00Z,2014-04-16T04:23:00Z
HY-2A,2014-05-30T03:25:00Z,2014-05-30T03:25:00Z
HY-2A,2014-08-05T02:25:00Z,2014-08-05T02:25:00Z
HY-2A,2014-08-12T04:55:00Z,2014-08-12T04:55:00Z
HY-2A,2014-10-23T08:47:00Z,2014-10-23T08:47:00Z
HY-2A,2014-11-28T03:25:00Z,2014-11-28T03:25:00Z
HY-2A,2015-01-09T01:47:00Z,2015-01-09T01:47:00Z
HY-2A,2015-02-28T03:05:00Z,2015-02-28T03:05:00Z
HY-2A,2015-04-08T01:56:00Z,2015-04-08T01:56:00Z
HY-2A,2015-05-22T02:34:00Z,2015-05-22T02:34:00Z
HY-2A,2015-07-16T00:30:00Z,2015-07-16T00:30:00Z
HY-2A,2015-09-17T04:50:00Z,2015-09-17T04:50:00Z
HY-2A,2016-01-08T03:27:00Z,2016-01-08T03:27:00Z
HY-2A,2016-03-01T05:50:00Z,2016-03-01T05:50:00Z
HY-2A,2016-03-23T03:40:00Z,2016-03-23T03:40:00Z
HY-2A,2016-04-21T04:17:00Z,2016-04-21T04:17:00Z
HY-2A,2016-06-21T03:25:00Z,2016-06-21T03:25:00Z
HY-2A,2016-08-11T02:05:00Z,2016-08-11T02:05:00Z
HY-2A,2016-11-09T03:22:00Z,2016-11-09T03:22:00Z
HY-2A,2017-01-20T04:51:00Z,2017-01-20T04:51:00Z
HY-2A,2017-03-22T03:55:00Z,2017-03-22T03:55:00Z
HY-2A,2017-06-02T01:59:00Z,2017-06-02T01:59:00Z
HY-2A,2017-08-01T02:22:00Z,2017-08-01T02:22:00Z
HY-2A,2017-10-19T11:23:00Z,2017-10-19T11:23:00Z
HY-2A,2018-01-17T02:38:00Z,2018-01-17T02:38:00Z
HY-2A,2018-03-07T09:10:00Z,2018-03-07T09:10:00Z
HY-2A,2018-04-03T02:15:00Z,2018-04-03T02:15:00Z
HY-2A,2018-05-22T03:30:00Z,2018-05-22T03:30:00Z
HY-2A,2018-07-10T06:35:00Z,2018-07-10T06:35:00Z
HY-2A,2018-08-28T04:30:00Z,2018-08-28T04:30:00Z
HY-2A,2018-12-26T03:29:00Z,2018-12-26T03:29:00Z
HY-2A,2019-01-30T09:33:00Z,2019-01-30T09:33:00Z
HY-2A,2019-02-12T09:20:00Z,2019-02-12T09:20:00Z
HY-2A,2019-02-14T01:52:00Z,2019-02-14T01:52:00Z
HY-2A,2019-05-23T09:18:00Z,2019-05-23T09:18:00Z
HY-2A,2019-09-04T02:41:00Z,2019-09-04T02:41:00Z
HY-2A,2020-02-12T03:20:00Z,2020-02-12T03:20:00Z
HY-2A,2020-03-31T05:30:00Z,2020-03-31T05:30:00Z
HY-2A,2020-06-09T01:40:00Z,2020-06-09T01:40:00Z
HY-2C,2020-10-21T00:34:00Z,2020-10-21T00:34:00Z
HY-2C,2020-11-18T06:19:00Z,2020-11-18T06:19:00Z
HY-2C,2021-03-12T03:01:00Z,2021-03-12T03:01:00Z
HY-2C,2021-05-11T01:56:00Z,2021-05-11T01:56:00Z
HY-2C,2021-06-11T07:00:00Z,2021-06-11T07:00:00Z
HY-2C,2021-09-02T10:15:00Z,2021-09-02T10:15:00Z
HY-2C,2021-10-14T01:40:00Z,2021-10-14T01:40:00Z
HY-2C,2022-01-05T06:43:00Z,2022-01-05T06:43:00Z
HY-2C,2022-02-22T02:07:00Z,2022-02-22T02:07:00Z
HY-2C,2022-04-14T07:55:00Z,2022-04-14T07:55:00Z
HY-2C,2022-05-24T09:33:00Z,2022-05-24T09:33:00Z
HY-2C,2022-07-08T11:35:00Z,2022-07-08T11:35:00Z
HY-2C,2022-09-20T04:07:00Z,2022-09-20T04:07:00Z
HY-2D,2021-06-18T10:19:00Z,2021-06-18T10:19:00Z
HY-2D,2021-07-21T04:18:00Z,2021-07-21T04:18:00Z
HY-2D,2021-10-26T04:42:00Z,2021-10-26T04:42:00Z
HY-2D,2022-01-14T10:00:00Z,2022-01-14T10:00:00Z
HY-2D,2022-03-18T07:03:00Z,2022-03-18T07:03:00Z
HY-2D,2022-04-19T12:16:00Z,2022-04-19T12:16:00Z
HY-2D,2022-05-08T07:23:00Z,2022-05-08T07:23:00Z
HY-2D,2022-06-30T22:40:00Z,2022-06-30T22:40:00Z
HY-2D,2022-07-19T02:45:00Z,2022-07-19T02:45:00Z
HY-2D,2022-08-16T08:30:00Z,2022-08-16T08:30:00Z
JASO1,2001-12-11T13:08:00Z,2001-12-11T15:57:00Z
JASO1,2001-12-13T21:17:00Z,2001-12-14T00:06:00Z
JASO1,2001-12-17T07:35:00Z,2001-12-17T10:31:00Z
JASO1,2001-12-20T06:45:00Z,2001-12-20T09:39:00Z
JASO1,2002-01-10T01:49:00Z,2002-01-10T04:40:00Z
JASO1,2002-01-13T01:03:00Z,2002-01-13T03:53:00Z
JASO1,2002-02-04T00:45:00Z,2002-02-04T03:34:00Z
JASO1,2002-03-05T18:40:00Z,2002-03-05T19:37:00Z
JASO1,2002-05-14T04:30:00Z,2002-05-14T05:27:00Z
JASO1,2002-07-02T18:23:00Z,2002-07-02T19:20:00Z
JASO1,2002-09-20T02:11:00Z,2002-09-20T03:08:00Z
JASO1,2002-10-29T18:05:00Z,2002-10-29T19:02:00Z
JASO1,2002-12-18T07:58:00Z,2002-12-18T08:55:00Z
JASO1,2003-02-15T19:49:00Z,2003-02-15T20:46:00Z
JASO1,2003-04-16T07:40:00Z,2003-04-16T08:37:00Z
JASO1,2003-04-26T05:39:00Z,2003-04-26T06:36:00Z
JASO1,2003-06-24T17:30:00Z,2003-06-24T18:27:00Z
JASO1,2003-10-01T21:15:00Z,2003-10-01T22:12:00Z
JASO1,2003-12-04T08:40:00Z,2003-12-04T09:37:00Z
JASO1,2004-01-09T01:00:00Z,2004-01-09T03:50:00Z
JASO1,2004-02-24T15:40:00Z,2004-02-24T18:30:00Z
JASO1,2004-03-18T10:50:00Z,2004-03-18T13:39:00Z
JASO1,2004-06-15T16:37:00Z,2004-06-15T19:26:00Z
JASO1,2004-08-04T06:29:00Z,2004-08-04T09:19:00Z
JASO1,2004-10-12T16:19:00Z,2004-10-12T19:08:00Z
JASO1,2005-01-19T20:04:00Z,2005-01-19T22:54:00Z
JASO1,2005-05-18T19:47:00Z,2005-05-18T22:36:00Z
JASO1,2005-10-04T15:26:00Z,2005-10-04T18:16:00Z
JASO1,2005-11-23T05:19:00Z,2005-11-23T08:08:00Z
JASO1,2005-12-22T23:14:00Z,2005-12-23T02:04:00Z
JASO1,2006-01-31T15:08:00Z,2006-01-31T17:58:00Z
JASO1,2006-02-20T11:06:00Z,2006-02-20T13:55:00Z
JASO1,2006-04-20T22:57:00Z,2006-04-21T01:46:00Z
JASO1,2006-06-29T08:46:00Z,2006-06-29T11:36:00Z
JASO1,2006-09-26T14:33:00Z,2006-09-26T17:23:00Z
JASO1,2006-12-14T22:21:00Z,2006-12-15T01:10:00Z
JASO1,2007-01-23T14:16:00Z,2007-01-23T17:05:00Z
JASO1,2007-02-22T08:11:00Z,2007-02-22T08:12:00Z
JASO1,2007-05-02T18:01:00Z,2007-05-02T20:50:00Z
JASO1,2007-08-19T19:45:00Z,2007-08-19T22:34:00Z
JASO1,2007-11-26T23:30:00Z,2007-11-27T02:19:00Z
JASO1,2007-12-26T17:26:00Z,2007-12-26T20:15:00Z
JASO1,2008-04-13T19:09:00Z,2008-04-13T21:59:00Z
JASO1,2008-04-23T17:08:00Z,2008-04-23T19:57:00Z
JASO1,2008-04-28T23:32:00Z,2008-04-29T02:21:00Z
JASO1,2008-07-31T20:53:00Z,2008-07-31T23:43:00Z
JASO1,2008-10-29T02:40:00Z,2008-10-29T05:29:00Z
JASO1,2008-12-17T16:33:00Z,2008-12-17T19:22:00Z
JASO1,2009-01-26T21:11:00Z,2009-01-27T00:06:00Z
JASO1,2009-01-27T21:30:00Z,2009-01-28T00:26:00Z
JASO1,2009-02-04T10:39:00Z,2009-02-04T13:34:00Z
JASO1,2009-02-06T03:49:00Z,2009-02-06T06:42:00Z
JASO1,2009-02-14T18:02:00Z,2009-02-14T20:46:00Z
JASO1,2009-02-19T21:45:00Z,2009-02-19T21:46:00Z
JASO1,2009-04-26T18:20:00Z,2009-04-26T18:21:00Z
JASO1,2009-06-25T07:20:00Z,2009-06-25T07:21:00Z
JASO1,2009-08-11T17:24:00Z,2009-08-11T17:25:00Z
JASO1,2009-12-02T01:59:00Z,2009-12-02T01:59:00Z
JASO1,2010-03-21T22:17:00Z,2010-03-21T22:18:00Z
JASO1,2010-06-24T01:38:00Z,2010-06-24T01:39:00Z
JASO1,2010-07-20T18:59:00Z,2010-07-20T21:56:00Z
JASO1,2010-07-21T18:24:00Z,2010-07-21T21:21:00Z
JASO1,2010-07-22T19:42:00Z,2010-07-22T22:39:00Z
JASO1,2010-07-25T17:58:00Z,2010-07-25T20:55:00Z
JASO1,2010-07-26T19:13:00Z,2010-07-26T22:03:00Z
JASO1,2010-07-27T18:41:00Z,2010-07-27T21:39:00Z
JASO1,2010-07-28T18:06:00Z,2010-07-28T21:04:00Z
JASO1,2010-08-02T21:47:00Z,2010-08-02T21:48:00Z
JASO1,2010-08-03T20:17:00Z,2010-08-03T20:18:00Z
JASO1,2010-08-04T20:39:00Z,2010-08-04T20:40:00Z
JASO1,2010-08-05T21:01:00Z,2010-08-05T21:02:00Z
JASO1,2010-08-06T21:23:00Z,2010-08-06T21:24:00Z
JASO1,2010-08-09T20:37:00Z,2010-08-09T20:37:00Z
JASO1,2010-10-12T05:13:00Z,2010-10-12T05:14:00Z
JASO1,2010-12-03T04:25:00Z,2010-12-03T04:26:00Z
JASO1,2010-12-14T05:24:00Z,2010-12-14T05:25:00Z
JASO1,2011-02-24T01:18:00Z,2011-02-24T01:20:00Z
JASO1,2011-02-28T02:45:00Z,2011-02-28T02:46:00Z
JASO1,2011-03-27T19:04:00Z,2011-03-27T19:04:00Z
JASO1,2011-04-11T00:00:00Z,2011-04-11T00:08:00Z
JASO1,2011-04-14T00:10:00Z,2011-04-14T00:15:00Z
JASO1,2011-05-05T00:15:00Z,2011-05-05T00:16:00Z
JASO1,2011-07-08T03:27:00Z,2011-07-08T03:28:00Z
JASO1,2011-09-04T23:29:00Z,2011-09-05T02:24:00Z
JASO1,2011-09-05T22:52:00Z,2011-09-06T01:52:00Z
JASO1,2011-09-07T22:42:00Z,2011-09-08T01:36:00Z
JASO1,2011-09-11T22:19:00Z,2011-09-11T22:20:00Z
JASO1,2011-09-19T21:29:00Z,2011-09-19T21:30:00Z
JASO1,2011-09-28T22:45:00Z,2011-09-29T01:40:00Z
JASO1,2011-09-29T23:04:00Z,2011-09-30T02:04:00Z
JASO1,2011-10-02T22:17:00Z,2011-10-03T01:16:00Z
JASO1,2011-10-03T23:35:00Z,2011-10-04T02:34:00Z
JASO1,2011-10-04T21:07:00Z,2011-10-05T00:07:00Z
JASO1,2011-10-05T21:29:00Z,2011-10-06T00:28:00Z
JASO1,2011-10-06T21:51:00Z,2011-10-07T00:50:00Z
JASO1,2011-10-09T21:03:00Z,2011-10-10T00:02:00Z
JASO1,2011-10-10T22:21:00Z,2011-10-11T01:20:00Z
JASO1,2011-10-11T22:42:00Z,2011-10-12T01:42:00Z
JASO1,2011-10-12T23:05:00Z,2011-10-13T02:02:00Z
JASO1,2011-10-13T21:35:00Z,2011-10-14T00:30:00Z
JASO1,2011-10-16T21:28:00Z,2011-10-17T02:01:00Z
JASO1,2011-10-17T21:53:00Z,2011-10-18T00:05:00Z
JASO1,2011-10-18T23:13:00Z,2011-10-18T23:14:00Z
JASO1,2011-11-20T22:20:00Z,2011-11-20T22:21:00Z
JASO1,2012-01-18T23:41:00Z,2012-01-18T23:42:00Z
JASO1,2012-04-25T19:33:00Z,2012-04-25T22:32:00Z
JASO1,2012-04-26T19:54:00Z,2012-04-26T22:53:00Z
JASO1,2012-04-29T19:00:00Z,2012-04-29T21:59:00Z
JASO1,2012-05-01T19:41:00Z,2012-05-01T19:47:00Z
JASO1,2012-05-02T03:10:00Z,2012-05-02T03:16:00Z
JASO1,2012-05-02T20:01:00Z,2012-05-02T20:05:00Z
JASO1,2012-06-05T21:27:00Z,2012-06-05T21:27:00Z
JASO1,2012-07-09T00:19:00Z,2012-07-09T00:20:00Z
JASO1,2012-08-10T01:36:00Z,2012-08-10T01:37:00Z
JASO1,2012-10-02T23:57:00Z,2012-10-02T23:58:00Z
JASO1,2012-11-26T00:14:00Z,2012-11-26T00:15:00Z
JASO1,2013-02-13T21:53:00Z,2013-02-13T21:53:00Z
JASO1,2013-04-03T22:34:00Z,2013-04-03T22:35:00Z
JASO1,2013-06-13T22:32:00Z,2013-06-13T22:33:00Z
JASO2,2008-06-23T01:31:00Z,2008-06-23T04:20:00Z
JASO2,2008-06-25T02:08:00Z,2008-06-25T04:58:00Z
JASO2,2008-06-28T02:11:00Z,2008-06-28T05:03:00Z
JASO2,2008-06-30T18:59:00Z,2008-06-30T21:53:00Z
JASO2,2008-07-04T03:49:00Z,2008-07-04T06:45:00Z
JASO2,2008-07-04T22:32:00Z,2008-07-05T01:21:00Z
JASO2,2008-07-08T03:12:00Z,2008-07-08T03:12:00Z
JASO2,2008-08-27T16:45:00Z,2008-08-27T16:45:00Z
JASO2,2008-12-18T23:47:00Z,2008-12-18T23:47:00Z
JASO2,2009-05-05T06:27:00Z,2009-05-05T06:27:00Z
JASO2,2009-08-23T21:13:00Z,2009-08-23T21:13:00Z
JASO2,2009-12-17T15:56:00Z,2009-12-17T15:56:00Z
JASO2,2010-04-15T15:38:00Z,2010-04-15T15:38:00Z
JASO2,2010-07-25T22:03:00Z,2010-07-25T22:03:00Z
JASO2,2010-11-05T01:00:00Z,2010-11-05T01:00:00Z
JASO2,2011-02-28T21:42:00Z,2011-02-28T21:42:00Z
JASO2,2011-05-26T08:05:00Z,2011-05-26T08:05:00Z
JASO2,2011-08-28T10:00:00Z,2011-08-28T10:00:00Z
JASO2,2011-10-28T00:07:00Z,2011-10-28T00:07:00Z
JASO2,2011-12-16T03:18:00Z,2011-12-16T03:18:00Z
JASO2,2012-03-08T19:29:00Z,2012-03-08T19:30:00Z
JASO2,2012-05-21T08:42:00Z,2012-05-21T08:42:00Z
JASO2,2012-08-01T04:14:00Z,2012-08-01T04:14:00Z
JASO2,2012-10-22T19:24:00Z,2012-10-22T19:24:00Z
JASO2,2012-12-19T17:22:00Z,2012-12-19T17:22:00Z
JASO2,2013-03-07T17:21:00Z,2013-03-07T17:21:00Z
JASO2,2013-05-16T01:15:00Z,2013-05-16T01:15:00Z
JASO2,2013-08-11T17:58:00Z,2013-08-11T17:58:00Z
JASO2,2013-10-28T21:24:00Z,2013-10-28T21:24:00Z
JASO2,2013-12-18T05:54:00Z,2013-12-18T05:54:00Z
JASO2,2014-02-27T16:28:00Z,2014-02-27T16:28:00Z
JASO2,2014-04-25T08:57:00Z,2014-04-25T08:57:00Z
JASO2,2014-05-25T23:25:00Z,2014-05-25T23:25:00Z
JASO2,2014-07-10T11:48:00Z,2014-07-10T11:48:00Z
JASO2,2014-10-16T19:00:00Z,2014-10-16T19:00:00Z
JASO2,2014-12-10T05:01:00Z,2014-12-10T05:01:00Z
JASO2,2015-03-05T11:13:00Z,2015-03-05T11:13:00Z
JASO2,2015-05-19T21:22:00Z,2015-05-19T21:22:00Z
JASO2,2015-09-06T21:33:00Z,2015-09-06T21:33:00Z
JASO2,2015-11-18T21:49:00Z,2015-11-19T01:34:00Z
JASO2,2016-01-21T03:45:00Z,2016-01-21T03:45:00Z
JASO2,2016-04-26T21:02:00Z,2016-04-26T21:02:00Z
JASO2,2016-08-31T21:48:00Z,2016-08-31T21:48:00Z
JASO2,2016-10-02T13:32:00Z,2016-10-02T16:28:00Z
JASO2,2016-10-03T15:45:00Z,2016-10-03T18:40:00Z
JASO2,2016-10-11T05:01:00Z,2016-10-11T07:57:00Z
JASO2,2016-10-13T04:33:00Z,2016-10-13T07:29:00Z
JASO2,2016-10-14T10:28:00Z,2016-10-14T10:28:00Z
JASO2,2016-11-03T06:26:00Z,2016-11-03T06:26:00Z
JASO2,2017-01-29T23:14:00Z,2017-01-29T23:14:00Z
JASO2,2017-03-30T13:10:00Z,2017-03-30T13:10:00Z
JASO2,2017-06-28T05:47:00Z,2017-06-28T05:47:00Z
JASO2,2017-07-03T20:42:00Z,2017-07-03T21:42:00Z
JASO2,2017-07-04T15:26:00Z,2017-07-04T16:26:00Z
JASO2,2017-07-05T15:43:00Z,2017-07-05T16:47:00Z
JASO2,2017-07-06T16:00:00Z,2017-07-06T17:04:00Z
JASO2,2017-07-10T04:27:00Z,2017-07-10T04:27:00Z
JASO2,2017-10-13T02:02:00Z,2017-10-13T02:02:00Z
JASO2,2017-11-06T02:16:00Z,2017-11-06T02:16:00Z
JASO2,2018-02-05T00:55:00Z,2018-02-05T06:40:00Z
JASO2,2018-03-02T04:21:00Z,2018-03-02T04:21:00Z
JASO2,2018-04-06T00:55:00Z,2018-04-06T06:40:00Z
JASO2,2018-04-08T23:45:00Z,2018-04-09T05:30:00Z
JASO2,2018-04-10T02:02:00Z,2018-04-10T02:03:00Z
JASO2,2018-04-10T22:21:00Z,2018-04-11T05:58:00Z
JASO2,2018-04-11T22:35:00Z,2018-04-12T04:20:00Z
JASO2,2018-04-13T04:24:00Z,2018-04-13T04:25:00Z
JASO2,2018-04-16T21:53:00Z,2018-04-17T03:38:00Z
JASO2,2018-04-17T22:07:00Z,2018-04-18T03:52:00Z
JASO2,2018-04-19T02:03:00Z,2018-04-19T02:03:00Z
JASO2,2018-04-22T21:27:00Z,2018-04-23T03:08:00Z
JASO2,2018-06-19T20:58:00Z,2018-06-19T20:58:00Z
JASO2,2018-07-16T02:34:00Z,2018-07-16T02:35:00Z
JASO2,2018-07-18T08:37:00Z,2018-07-18T08:38:00Z
JASO2,2018-08-08T17:24:00Z,2018-08-08T17:24:00Z
JASO2,2018-09-25T00:54:00Z,2018-09-25T06:40:00Z
JASO2,2018-09-26T01:08:00Z,2018-09-26T06:54:00Z
JASO2,2018-09-27T01:25:00Z,2018-09-27T01:25:00Z
JASO2,2018-10-01T00:27:00Z,2018-10-01T06:12:00Z
JASO2,2018-10-01T22:49:00Z,2018-10-02T06:25:00Z
JASO2,2018-12-18T20:09:00Z,2018-12-18T20:10:00Z
JASO2,2019-05-22T19:58:00Z,2019-05-22T20:03:00Z
JASO2,2019-05-28T02:46:00Z,2019-05-28T02:51:00Z
JASO2,2019-06-04T06:56:00Z,2019-06-04T06:57:00Z
JASO2,2019-07-31T03:48:00Z,2019-07-31T03:49:00Z
JASO2,2019-09-10T20:51:00Z,2019-09-11T00:46:00Z
JASO2,2019-09-11T21:05:00Z,2019-09-12T00:59:00Z
JASO2,2019-09-13T01:13:00Z,2019-09-13T01:14:00Z
JASO2,2019-09-15T22:08:00Z,2019-09-16T02:03:00Z
JASO2,2019-09-16T20:33:00Z,2019-09-17T00:23:00Z
JASO2,2019-09-17T20:49:00Z,2019-09-18T00:35:00Z
JASO2,2019-09-18T21:03:00Z,2019-09-19T00:49:00Z
JASO2,2019-09-19T21:17:00Z,2019-09-20T01:03:00Z
JASO2,2019-09-22T20:07:00Z,2019-09-22T23:53:00Z
JASO2,2019-09-23T20:21:00Z,2019-09-24T00:07:00Z
JASO2,2019-09-24T18:43:00Z,2019-09-24T22:29:00Z
JASO2,2019-09-25T02:10:00Z,2019-09-25T05:57:00Z
JASO2,2019-09-25T18:57:00Z,2019-09-25T22:43:00Z
JASO2,2019-09-26T02:24:00Z,2019-09-26T06:11:00Z
JASO2,2019-09-26T19:11:00Z,2019-09-26T22:57:00Z
JASO2,2019-09-27T02:38:00Z,2019-09-27T06:25:00Z
JASO2,2019-09-29T18:01:00Z,2019-09-29T21:47:00Z
JASO2,2019-09-30T01:28:00Z,2019-09-30T05:15:00Z
JASO2,2019-09-30T18:15:00Z,2019-09-30T22:01:00Z
JASO2,2019-10-01T01:42:00Z,2019-10-01T05:29:00Z
JASO2,2019-10-01T18:29:00Z,2019-10-01T22:15:00Z
JASO2,2019-10-02T01:56:00Z,2019-10-02T05:43:00Z
JASO2,2019-10-02T18:43:00Z,2019-10-02T22:29:00Z
JASO2,2019-10-03T02:10:00Z,2019-10-03T05:57:00Z
JASO2,2019-10-03T18:57:00Z,2019-10-03T22:43:00Z
JASO2,2019-10-04T02:24:00Z,2019-10-04T06:11:00Z
JASO3,2016-01-19T22:18:00Z,2016-01-20T01:06:00Z
JASO3,2016-01-21T22:39:00Z,2016-01-22T01:28:00Z
JASO3,2016-01-28T22:45:00Z,2016-01-29T02:05:00Z
JASO3,2016-01-31T21:38:00Z,2016-02-01T00:32:00Z
JASO3,2016-02-02T03:35:00Z,2016-02-02T06:30:00Z
JASO3,2016-02-03T20:53:00Z,2016-02-03T23:46:00Z
JASO3,2016-02-04T21:04:00Z,2016-02-04T23:54:00Z
JASO3,2016-02-07T22:35:00Z,2016-02-08T01:31:00Z
JASO3,2016-02-09T23:25:00Z,2016-02-10T02:14:00Z
JASO3,2016-02-11T22:19:00Z,2016-02-12T01:08:00Z
JASO3,2016-02-23T02:46:00Z,2016-02-23T02:46:00Z
JASO3,2016-04-04T01:49:00Z,2016-04-04T01:49:00Z
JASO3,2016-05-19T20:02:00Z,2016-05-19T20:02:00Z
JASO3,2016-07-25T02:50:00Z,2016-07-25T02:50:00Z
JASO3,2016-09-14T20:52:00Z,2016-09-14T20:52:00Z
JASO3,2016-12-22T21:13:00Z,2016-12-22T21:13:00Z
JASO3,2017-04-12T23:41:00Z,2017-04-12T23:42:00Z
JASO3,2017-09-06T16:34:00Z,2017-09-06T16:34:00Z
JASO3,2017-12-12T19:36:00Z,2017-12-12T19:36:00Z
JASO3,2018-04-04T00:21:00Z,2018-04-04T00:21:00Z
JASO3,2018-08-19T17:35:00Z,2018-08-19T17:35:00Z
JASO3,2018-12-18T17:59:00Z,2018-12-18T17:59:00Z
JASO3,2019-04-14T20:33:00Z,2019-04-14T20:33:00Z
JASO3,2019-06-16T19:47:00Z,2019-06-16T19:47:00Z
JASO3,2019-08-06T18:50:00Z,2019-08-06T18:50:00Z
JASO3,2019-12-03T15:26:00Z,2019-12-03T15:26:00Z
JASO3,2020-03-12T00:10:00Z,2020-03-12T00:10:00Z
JASO3,2020-07-23T21:24:00Z,2020-07-23T21:25:00Z
JASO3,2020-10-29T20:13:00Z,2020-10-29T20:14:00Z
JASO3,2021-02-04T00:43:00Z,2021-02-04T00:44:00Z
JASO3,2021-05-05T18:07:00Z,2021-05-05T18:07:00Z
JASO3,2021-07-22T15:51:00Z,2021-07-22T15:52:00Z
JASO3,2021-11-07T22:57:00Z,2021-11-07T22:58:00Z
JASO3,2022-02-15T21:20:00Z,2022-02-15T21:21:00Z
JASO3,2022-04-07T19:38:00Z,2022-04-07T22:36:00Z
JASO3,2022-04-11T20:15:00Z,2022-04-11T23:13:00Z
JASO3,2022-04-17T22:06:00Z,2022-04-18T01:04:00Z
JASO3,2022-04-19T21:03:00Z,2022-04-20T00:01:00Z
JASO3,2022-04-21T19:59:00Z,2022-04-21T22:50:00Z
JASO3,2022-04-24T19:13:00Z,2022-04-24T19:14:00Z
JASO3,2022-06-06T08:13:00Z,2022-06-06T08:14:00Z
JASO3,2022-08-21T22:36:00Z,2022-08-21T22:36:00Z
JASO3,2022-10-10T19:45:00Z,2022-10-10T19:46:00Z
SEN3A,2016-02-22T09:30:00Z,2016-02-22T12:11:00Z
SEN3A,2016-02-23T10:45:00Z,2016-02-23T13:24:00Z
SEN3A,2016-02-24T19:29:00Z,2016-02-24T19:32:00Z
SEN3A,2016-02-26T09:27:00Z,2016-02-26T12:08:00Z
SEN3A,2016-03-02T12:59:00Z,2016-03-02T15:33:00Z
SEN3A,2016-03-07T12:21:00Z,2016-03-07T12:22:00Z
SEN3A,2016-03-21T11:16:00Z,2016-03-21T11:20:00Z
SEN3A,2016-03-23T13:27:00Z,2016-03-23T13:27:00Z
SEN3A,2016-04-13T09:11:00Z,2016-04-13T10:52:00Z
SEN3A,2016-04-19T12:03:00Z,2016-04-19T12:10:00Z
SEN3A,2016-06-02T11:14:00Z,2016-06-02T11:14:00Z
SEN3A,2016-07-21T12:45:00Z,2016-07-21T12:45:00Z
SEN3A,2016-08-31T07:25:00Z,2016-08-31T07:34:00Z
SEN3A,2016-09-22T07:59:00Z,2016-09-22T07:59:00Z
SEN3A,2016-11-01T12:05:00Z,2016-11-01T12:05:00Z
SEN3A,2016-12-01T08:00:00Z,2016-12-01T08:00:00Z
SEN3A,2016-12-14T08:46:00Z,2016-12-14T08:58:00Z
SEN3A,2017-02-23T09:40:00Z,2017-02-23T09:40:00Z
SEN3A,2017-03-15T07:42:00Z,2017-03-15T07:54:00Z
SEN3A,2017-04-27T10:58:00Z,2017-04-27T10:58:00Z
SEN3A,2017-05-23T14:35:00Z,2017-05-23T14:35:00Z
SEN3A,2017-07-12T09:45:00Z,2017-07-12T09:45:00Z
SEN3A,2017-09-06T10:26:00Z,2017-09-06T10:39:00Z
SEN3A,2017-09-27T08:08:00Z,2017-09-27T08:08:00Z
SEN3A,2017-11-29T09:20:00Z,2017-11-29T09:20:00Z
SEN3A,2017-12-13T08:09:00Z,2017-12-13T08:20:00Z
SEN3A,2018-02-28T10:05:00Z,2018-02-28T10:05:00Z
SEN3A,2018-03-14T08:46:00Z,2018-03-14T08:59:00Z
SEN3A,2018-05-24T08:12:00Z,2018-05-24T08:12:00Z
SEN3A,2018-08-01T08:15:00Z,2018-08-01T08:15:00Z
SEN3A,2018-08-29T07:48:00Z,2018-08-29T08:01:00Z
SEN3A,2018-11-28T13:45:00Z,2018-11-28T13:45:00Z
SEN3A,2018-12-19T09:31:00Z,2018-12-19T09:43:00Z
SEN3A,2019-02-27T09:15:00Z,2019-02-27T09:15:00Z
SEN3A,2019-03-13T08:08:00Z,2019-03-13T08:22:00Z
SEN3A,2019-06-13T08:23:00Z,2019-06-13T08:23:00Z
SEN3A,2019-08-28T12:12:00Z,2019-08-28T12:25:00Z
SEN3A,2019-11-27T08:05:00Z,2019-11-27T08:05:00Z
SEN3A,2019-12-11T11:57:00Z,2019-12-11T12:11:00Z
SEN3A,2020-03-11T09:11:00Z,2020-03-11T09:26:00Z
SEN3A,2020-06-17T10:13:00Z,2020-06-17T10:13:00Z
SEN3A,2020-09-02T08:34:00Z,2020-09-02T08:47:00Z
SEN3A,2020-12-02T07:47:00Z,2020-12-02T07:47:00Z
SEN3A,2020-12-16T11:39:00Z,2020-12-16T11:55:00Z
SEN3A,2021-01-27T08:23:00Z,2021-01-27T08:23:00Z
SEN3A,2021-03-17T07:11:00Z,2021-03-17T07:26:00Z
SEN3A,2021-06-01T09:30:00Z,2021-06-01T09:30:00Z
SEN3A,2021-08-10T09:15:00Z,2021-08-10T09:15:00Z
SEN3A,2021-09-08T06:33:00Z,2021-09-08T06:48:00Z
SEN3A,2021-11-04T07:10:00Z,2021-11-04T07:10:00Z
SEN3A,2021-11-30T02:42:00Z,2021-11-30T02:42:00Z
SEN3A,2021-12-03T02:55:00Z,2021-12-03T02:56:00Z
SEN3A,2021-12-07T03:00:00Z,2021-12-07T03:01:00Z
SEN3A,2021-12-15T07:39:00Z,2021-12-15T07:53:00Z
SEN3A,2022-01-07T00:09:00Z,2022-01-07T02:12:00Z
SEN3A,2022-01-19T07:30:00Z,2022-01-19T07:30:00Z
SEN3A,2022-02-23T07:38:00Z,2022-02-23T07:38:00Z
SEN3A,2022-03-13T14:37:00Z,2022-03-13T14:52:00Z
SEN3A,2022-04-13T07:56:00Z,2022-04-13T07:56:00Z
SEN3A,2022-05-18T06:08:00Z,2022-05-18T06:08:00Z
SEN3A,2022-06-14T09:30:00Z,2022-06-14T09:30:00Z
SEN3A,2022-07-21T06:41:00Z,2022-07-21T06:41:00Z
SEN3A,2022-08-25T08:13:00Z,2022-08-25T08:28:00Z
SEN3A,2022-10-06T07:00:00Z,2022-10-06T07:00:00Z
SEN3B,2018-04-30T09:20:00Z,2018-04-30T11:44:00Z
SEN3B,2018-05-01T11:19:00Z,2018-05-01T13:57:00Z
SEN3B,2018-05-02T15:08:00Z,2018-05-02T15:17:00Z
SEN3B,2018-05-04T10:36:00Z,2018-05-04T10:37:00Z
SEN3B,2018-05-08T09:25:00Z,2018-05-08T11:19:00Z
SEN3B,2018-05-10T11:31:00Z,2018-05-10T11:40:00Z
SEN3B,2018-05-24T13:02:00Z,2018-05-24T13:13:00Z
SEN3B,2018-05-29T05:04:00Z,2018-05-29T05:15:00Z
SEN3B,2018-05-30T13:06:00Z,2018-05-30T13:14:00Z
SEN3B,2018-06-05T04:32:00Z,2018-06-05T06:17:00Z
SEN3B,2018-06-06T14:31:00Z,2018-06-06T14:32:00Z
SEN3B,2018-08-10T07:31:00Z,2018-08-10T07:31:00Z
SEN3B,2018-08-23T04:21:00Z,2018-08-23T06:02:00Z
SEN3B,2018-08-30T09:03:00Z,2018-08-30T09:15:00Z
SEN3B,2018-10-15T03:00:00Z,2018-10-15T03:01:00Z
SEN3B,2018-10-16T10:45:00Z,2018-10-16T10:49:00Z
SEN3B,2018-10-24T09:07:00Z,2018-10-24T09:17:00Z
SEN3B,2018-10-29T15:14:00Z,2018-10-29T15:14:00Z
SEN3B,2018-11-04T10:38:00Z,2018-11-04T12:19:00Z
SEN3B,2018-11-20T13:06:00Z,2018-11-20T14:59:00Z
SEN3B,2018-11-20T16:28:00Z,2018-11-20T16:40:00Z
SEN3B,2018-11-22T20:04:00Z,2018-11-22T20:07:00Z
SEN3B,2018-11-23T20:23:00Z,2018-11-23T20:27:00Z
SEN3B,2018-11-27T08:32:00Z,2018-11-27T08:33:00Z
SEN3B,2018-12-12T13:36:00Z,2018-12-12T13:45:00Z
SEN3B,2019-02-13T09:38:00Z,2019-02-13T09:48:00Z
SEN3B,2019-06-05T07:50:00Z,2019-06-05T07:50:00Z
SEN3B,2019-06-19T06:46:00Z,2019-06-19T06:55:00Z
SEN3B,2019-08-28T09:57:00Z,2019-08-28T09:57:00Z
SEN3B,2019-10-10T17:44:00Z,2019-10-10T19:26:00Z
SEN3B,2019-10-16T07:02:00Z,2019-10-16T07:16:00Z
SEN3B,2019-12-18T08:23:00Z,2019-12-18T08:23:00Z
SEN3B,2020-02-05T08:42:00Z,2020-02-05T08:54:00Z
SEN3B,2020-04-08T11:29:00Z,2020-04-08T11:40:00Z
SEN3B,2020-05-27T07:04:00Z,2020-05-27T07:04:00Z
SEN3B,2020-07-29T08:03:00Z,2020-07-29T08:03:00Z
SEN3B,2020-10-07T09:28:00Z,2020-10-07T09:42:00Z
SEN3B,2020-12-16T07:54:00Z,2020-12-16T07:54:00Z
SEN3B,2021-01-13T08:50:00Z,2021-01-13T08:50:00Z
SEN3B,2021-02-03T08:05:00Z,2021-02-03T08:18:00Z
SEN3B,2021-04-14T11:07:00Z,2021-04-14T11:21:00Z
SEN3B,2021-05-19T09:30:00Z,2021-05-19T09:30:00Z
SEN3B,2021-07-21T07:10:00Z,2021-07-21T07:10:00Z
SEN3B,2021-09-29T08:40:00Z,2021-09-29T08:40:00Z
SEN3B,2021-10-20T12:51:00Z,2021-10-20T13:05:00Z
SEN3B,2021-12-01T08:20:00Z,2021-12-01T08:20:00Z
SEN3B,2022-01-12T08:23:00Z,2022-01-12T08:23:00Z
SEN3B,2022-02-02T07:28:00Z,2022-02-02T07:41:00Z
SEN3B,2022-03-16T07:44:00Z,2022-03-16T07:44:00Z
SEN3B,2022-04-06T08:31:00Z,2022-04-06T08:45:00Z
SEN3B,2022-04-27T09:30:00Z,2022-04-27T09:30:00Z
SEN3B,2022-05-24T07:50:00Z,2022-05-24T07:50:00Z
SEN3B,2022-06-29T08:53:00Z,2022-06-29T08:53:00Z
SEN3B,2022-08-09T08:00:00Z,2022-08-09T08:00:00Z
SEN3B,2022-09-21T07:45:00Z,2022-09-21T07:45:00Z
SEN3B,2022-10-06T07:47:00Z,2022-10-06T08:02:00Z
SEN6A,2020-11-23T02:38:00Z,2020-11-23T02:38:00Z
SEN6A,2020-11-23T09:50:00Z,2020-11-23T09:58:00Z
SEN6A,2020-11-24T01:38:00Z,2020-11-24T01:42:00Z
SEN6A,2020-11-27T05:22:00Z,2020-11-27T05:25:00Z
SEN6A,2020-12-10T05:01:00Z,2020-12-10T05:08:00Z
SEN6A,2020-12-14T05:15:00Z,2020-12-14T05:24:00Z
SEN6A,2020-12-16T06:27:00Z,2020-12-16T06:28:00Z
SEN6A,2020-12-18T00:38:00Z,2020-12-18T00:39:00Z
SEN6A,2021-02-18T01:45:00Z,2021-02-18T01:45:00Z
SEN6A,2021-04-27T07:42:00Z,2021-04-27T07:50:00Z
SEN6A,2021-04-27T08:10:00Z,2021-04-27T08:10:00Z
SEN6A,2021-04-29T00:55:00Z,2021-04-29T00:55:00Z
SEN6A,2021-04-30T10:39:00Z,2021-04-30T10:39:00Z
SEN6A,2021-08-16T00:21:00Z,2021-08-16T00:21:00Z
SEN6A,2021-11-25T03:00:00Z,2021-11-25T03:00:00Z
SEN6A,2022-03-08T03:00:00Z,2022-03-08T03:00:00Z
SEN6A,2022-06-22T07:30:00Z,2022-06-22T07:30:00Z
SEN6A,2022-10-13T06:50:00Z,2022-10-13T06:50:00Z
SPOT2,1992-09-02T23:48:00Z,1992-09-03T00:42:00Z
SPOT2,1992-10-08T23:56:00Z,1992-10-09T00:50:00Z
SPOT2,1992-11-19T23:48:00Z,1992-11-20T00:42:00Z
SPOT2,1992-12-23T00:54:00Z,1992-12-23T01:48:00Z
SPOT2,1993-02-25T00:23:00Z,1993-02-25T01:17:00Z
SPOT2,1993-04-08T00:15:00Z,1993-04-08T01:09:00Z
SPOT2,1993-06-22T01:13:00Z,1993-06-22T02:07:00Z
SPOT2,1993-08-10T00:30:00Z,1993-08-10T01:24:00Z
SPOT2,1993-11-02T23:54:00Z,1993-11-03T00:48:00Z
SPOT2,1993-12-09T12:40:00Z,1993-12-09T12:58:00Z
SPOT2,1993-12-14T00:05:00Z,1993-12-14T00:59:00Z
SPOT2,1993-12-22T00:52:00Z,1993-12-22T01:46:00Z
SPOT2,1994-01-12T00:48:00Z,1994-01-12T01:42:00Z
SPOT2,1994-03-02T23:46:00Z,1994-03-03T00:40:00Z
SPOT2,1994-05-05T01:16:00Z,1994-05-05T02:09:00Z
SPOT2,1994-06-29T00:17:00Z,1994-06-29T01:11:00Z
SPOT2,1994-11-17T00:05:00Z,1994-11-17T01:01:00Z
SPOT2,1995-02-08T12:53:00Z,1995-02-08T13:04:00Z
SPOT2,1995-02-10T01:10:00Z,1995-02-10T02:07:00Z
SPOT2,1995-03-01T23:44:00Z,1995-03-02T00:41:00Z
SPOT2,1995-06-02T00:16:00Z,1995-06-02T01:13:00Z
SPOT2,1995-08-24T00:21:00Z,1995-08-24T01:18:00Z
SPOT2,1995-11-23T01:12:00Z,1995-11-23T02:09:00Z
SPOT2,1996-04-30T00:12:00Z,1996-04-30T01:09:00Z
SPOT2,1996-09-05T00:50:00Z,1996-09-05T01:47:00Z
SPOT2,1996-09-21T00:42:00Z,1996-09-21T01:39:00Z
SPOT2,1996-11-08T00:19:00Z,1996-11-08T01:16:00Z
SPOT2,1997-04-29T23:53:00Z,1997-04-30T00:50:00Z
SPOT2,1997-07-03T00:40:00Z,1997-07-03T01:31:00Z
SPOT2,1997-07-23T20:00:00Z,1997-07-23T20:52:00Z
SPOT2,1997-07-24T19:30:00Z,1997-07-24T20:21:00Z
SPOT2,1997-08-04T14:00:00Z,1997-08-04T14:51:00Z
SPOT2,1997-10-31T00:32:00Z,1997-10-31T01:23:00Z
SPOT2,1997-12-21T00:51:00Z,1997-12-21T01:42:00Z
SPOT2,1998-04-28T12:48:00Z,1998-04-28T13:15:00Z
SPOT2,1998-06-28T00:16:00Z,1998-06-28T01:07:00Z
SPOT2,1998-08-19T23:57:00Z,1998-08-20T00:48:00Z
SPOT2,1998-10-03T00:52:00Z,1998-10-03T01:43:00Z
SPOT2,1998-11-21T23:50:00Z,1998-11-22T00:41:00Z
SPOT2,1999-01-28T00:16:00Z,1999-01-28T01:07:00Z
SPOT2,1999-03-20T00:22:00Z,1999-03-20T01:13:00Z
SPOT2,1999-05-11T00:22:00Z,1999-05-11T01:13:00Z
SPOT2,1999-06-21T00:42:00Z,1999-06-21T01:33:00Z
SPOT2,1999-08-20T01:20:00Z,1999-08-20T02:11:00Z
SPOT2,1999-10-16T01:24:00Z,1999-10-16T02:15:00Z
SPOT2,1999-11-14T00:25:00Z,1999-11-14T01:16:00Z
SPOT2,1999-12-04T00:41:00Z,1999-12-04T01:32:00Z
SPOT2,2000-01-25T00:40:00Z,2000-01-25T01:31:00Z
SPOT2,2000-03-06T00:51:00Z,2000-03-06T01:42:00Z
SPOT2,2000-04-05T01:14:00Z,2000-04-05T02:05:00Z
SPOT2,2000-05-10T12:57:00Z,2000-05-10T13:29:00Z
SPOT2,2000-05-12T01:02:00Z,2000-05-12T01:53:00Z
SPOT2,2000-05-22T01:10:00Z,2000-05-22T02:01:00Z
SPOT2,2000-05-30T00:15:00Z,2000-05-30T01:07:00Z
SPOT2,2000-07-01T00:00:00Z,2000-07-01T00:51:00Z
SPOT2,2000-07-29T01:03:00Z,2000-07-29T01:54:00Z
SPOT2,2000-09-08T01:15:00Z,2000-09-08T02:06:00Z
SPOT2,2000-10-22T00:29:00Z,2000-10-22T01:20:00Z
SPOT2,2000-11-17T00:29:00Z,2000-11-17T01:20:00Z
SPOT2,2000-12-18T00:33:00Z,2000-12-18T01:24:00Z
SPOT2,2001-01-19T23:58:00Z,2001-01-20T00:49:00Z
SPOT2,2001-03-07T00:14:00Z,2001-03-07T01:05:00Z
SPOT2,2001-04-04T01:16:00Z,2001-04-04T02:07:00Z
SPOT2,2001-05-14T00:06:00Z,2001-05-14T00:57:00Z
SPOT2,2001-07-03T00:45:00Z,2001-07-03T01:36:00Z
SPOT2,2001-08-31T00:09:00Z,2001-08-31T01:00:00Z
SPOT2,2001-10-06T00:17:00Z,2001-10-06T01:08:00Z
SPOT2,2001-11-01T00:16:00Z,2001-11-01T01:08:00Z
SPOT2,2001-11-22T00:12:00Z,2001-11-22T01:04:00Z
SPOT2,2001-12-13T13:09:00Z,2001-12-13T13:35:00Z
SPOT2,2001-12-16T02:16:00Z,2001-12-16T03:07:00Z
SPOT2,2002-01-04T01:26:00Z,2002-01-04T02:18:00Z
SPOT2,2002-01-26T01:03:00Z,2002-01-26T01:54:00Z
SPOT2,2002-02-20T01:23:00Z,2002-02-20T02:14:00Z
SPOT2,2002-03-21T00:25:00Z,2002-03-21T01:16:00Z
SPOT2,2002-04-29T01:15:00Z,2002-04-29T02:07:00Z
SPOT2,2002-06-07T00:25:00Z,2002-06-07T01:16:00Z
SPOT2,2002-08-02T00:48:00Z,2002-08-02T01:40:00Z
SPOT2,2002-09-18T00:45:00Z,2002-09-18T01:36:00Z
SPOT2,2002-10-31T23:58:00Z,2002-11-01T00:49:00Z
SPOT2,2002-12-11T00:29:00Z,2002-12-11T01:20:00Z
SPOT2,2003-01-20T01:00:00Z,2003-01-20T01:51:00Z
SPOT2,2003-03-24T00:47:00Z,2003-03-24T01:38:00Z
SPOT2,2003-05-07T00:00:00Z,2003-05-07T00:51:00Z
SPOT2,2003-05-22T13:12:00Z,2003-05-22T13:39:00Z
SPOT2,2003-05-25T00:54:00Z,2003-05-25T01:46:00Z
SPOT2,2003-06-21T00:35:00Z,2003-06-21T01:26:00Z
SPOT2,2003-08-20T01:22:00Z,2003-08-20T02:13:00Z
SPOT2,2003-11-06T01:23:00Z,2003-11-06T02:14:00Z
SPOT2,2003-11-22T01:15:00Z,2003-11-22T02:06:00Z
SPOT2,2003-12-29T01:03:00Z,2003-12-29T01:54:00Z
SPOT2,2004-05-06T01:22:00Z,2004-05-06T02:13:00Z
SPOT2,2004-06-26T00:00:00Z,2004-06-26T00:51:00Z
SPOT2,2004-08-16T23:59:00Z,2004-08-17T00:50:00Z
SPOT2,2004-09-16T00:22:00Z,2004-09-16T01:14:00Z
SPOT2,2004-11-18T23:50:00Z,2004-11-19T00:41:00Z
SPOT2,2005-02-10T12:52:00Z,2005-02-10T13:21:00Z
SPOT2,2005-02-13T00:35:00Z,2005-02-13T01:27:00Z
SPOT2,2005-03-08T12:53:00Z,2005-03-08T13:20:00Z
SPOT2,2005-03-12T00:16:00Z,2005-03-12T01:07:00Z
SPOT2,2005-06-13T00:30:00Z,2005-06-13T01:21:00Z
SPOT2,2005-09-02T01:14:00Z,2005-09-02T02:05:00Z
SPOT2,2006-01-23T00:25:00Z,2006-01-23T01:16:00Z
SPOT2,2006-03-14T01:05:00Z,2006-03-14T01:56:00Z
SPOT2,2006-05-13T00:10:00Z,2006-05-13T01:01:00Z
SPOT2,2006-07-30T00:10:00Z,2006-07-30T01:01:00Z
SPOT2,2006-09-23T00:53:00Z,2006-09-23T01:44:00Z
SPOT2,2006-10-18T01:13:00Z,2006-10-18T02:04:00Z
SPOT2,2006-12-20T01:00:00Z,2006-12-20T01:51:00Z
SPOT2,2007-02-05T00:56:00Z,2007-02-05T01:47:00Z
SPOT2,2007-05-27T00:20:00Z,2007-05-27T01:11:00Z
SPOT2,2007-09-19T00:06:00Z,2007-09-19T00:57:00Z
SPOT2,2008-04-13T00:21:00Z,2008-04-13T01:12:00Z
SPOT2,2008-04-28T00:32:00Z,2008-04-28T01:23:00Z
SPOT2,2008-10-29T12:46:00Z,2008-10-29T13:15:00Z
SPOT2,2008-11-01T12:20:00Z,2008-11-01T13:11:00Z
SPOT2,2008-12-11T01:00:00Z,2008-12-11T01:51:00Z
SPOT2,2009-03-23T23:36:00Z,2009-03-24T00:27:00Z
SPOT2,2009-05-19T11:20:00Z,2009-05-19T12:11:00Z
SPOT2,2009-07-16T11:15:00Z,2009-07-16T12:16:00Z
SPOT2,2009-07-20T20:42:00Z,2009-07-20T20:59:00Z
SPOT2,2009-07-21T20:01:00Z,2009-07-21T20:18:00Z
SPOT2,2009-07-22T21:10:00Z,2009-07-22T21:27:00Z
SPOT2,2009-07-23T20:34:00Z,2009-07-23T20:51:00Z
SPOT2,2009-07-24T21:34:00Z,2009-07-24T21:52:00Z
SPOT2,2009-07-25T20:52:00Z,2009-07-25T21:08:00Z
SPOT2,2009-07-27T20:57:00Z,2009-07-27T21:19:00Z
SPOT2,2009-07-28T20:05:00Z,2009-07-28T20:28:00Z
SPOT2,2009-07-29T20:41:00Z,2009-07-29T21:12:00Z
SPOT4,1998-03-25T13:59:00Z,1998-03-25T14:53:00Z
SPOT4,1998-03-30T08:36:00Z,1998-03-30T09:32:00Z
SPOT4,1998-03-31T20:40:00Z,1998-03-31T21:37:00Z
SPOT4,1998-04-15T23:53:00Z,1998-04-16T00:44:00Z
SPOT4,1998-05-27T00:05:00Z,1998-05-27T00:56:00Z
SPOT4,1998-09-01T00:41:00Z,1998-09-01T01:32:00Z
SPOT4,1998-10-28T00:42:00Z,1998-10-28T01:36:00Z
SPOT4,1998-12-14T00:41:00Z,1998-12-14T01:32:00Z
SPOT4,1999-02-05T00:21:00Z,1999-02-05T01:12:00Z
SPOT4,1999-04-08T00:29:00Z,1999-04-08T01:20:00Z
SPOT4,1999-05-31T00:09:00Z,1999-05-31T01:00:00Z
SPOT4,1999-07-17T00:04:00Z,1999-07-17T00:55:00Z
SPOT4,1999-08-12T00:04:00Z,1999-08-12T00:55:00Z
SPOT4,1999-08-19T01:10:00Z,1999-08-19T02:01:00Z
SPOT4,1999-09-07T13:07:00Z,1999-09-07T13:31:00Z
SPOT4,1999-09-09T12:28:00Z,1999-09-09T12:52:00Z
SPOT4,1999-10-18T23:56:00Z,1999-10-19T00:47:00Z
SPOT4,1999-11-21T01:03:00Z,1999-11-21T01:54:00Z
SPOT4,1999-12-22T01:07:00Z,1999-12-22T01:58:00Z
SPOT4,2000-01-11T01:23:00Z,2000-01-11T02:14:00Z
SPOT4,2000-02-15T23:50:00Z,2000-02-16T00:41:00Z
SPOT4,2000-03-22T23:58:00Z,2000-03-23T00:49:00Z
SPOT4,2000-04-14T01:16:00Z,2000-04-14T02:07:00Z
SPOT4,2000-05-23T00:23:00Z,2000-05-23T01:16:00Z
SPOT4,2000-06-06T00:57:00Z,2000-06-06T01:47:00Z
SPOT4,2000-07-04T00:17:00Z,2000-07-04T01:08:00Z
SPOT4,2000-08-04T00:21:00Z,2000-08-04T01:12:00Z
SPOT4,2000-09-14T00:33:00Z,2000-09-14T01:24:00Z
SPOT4,2000-10-18T01:20:00Z,2000-10-18T02:11:00Z
SPOT4,2000-11-27T23:50:00Z,2000-11-28T00:41:00Z
SPOT4,2001-01-12T00:24:00Z,2001-01-12T01:15:00Z
SPOT4,2001-01-24T12:56:00Z,2001-01-24T13:21:00Z
SPOT4,2001-02-06T00:44:00Z,2001-02-06T01:35:00Z
SPOT4,2001-04-04T00:48:00Z,2001-04-04T01:39:00Z
SPOT4,2001-05-18T00:01:00Z,2001-05-18T00:52:00Z
SPOT4,2001-07-08T23:59:00Z,2001-07-09T00:52:00Z
SPOT4,2001-08-28T00:40:00Z,2001-08-28T01:31:00Z
SPOT4,2001-10-05T00:09:00Z,2001-10-05T01:00:00Z
SPOT4,2001-10-15T23:57:00Z,2001-10-16T00:48:00Z
SPOT4,2001-10-30T00:28:00Z,2001-10-30T01:19:00Z
SPOT4,2001-11-19T00:43:00Z,2001-11-19T01:35:00Z
SPOT4,2001-12-27T23:52:00Z,2001-12-28T00:43:00Z
SPOT4,2002-02-02T00:00:00Z,2002-02-02T00:51:00Z
SPOT4,2002-03-05T01:45:00Z,2002-03-05T02:36:00Z
SPOT4,2002-03-11T12:48:00Z,2002-03-11T13:18:00Z
SPOT4,2002-03-31T00:03:00Z,2002-03-31T00:54:00Z
SPOT4,2002-05-10T00:35:00Z,2002-05-10T01:26:00Z
SPOT4,2002-07-12T00:23:00Z,2002-07-12T01:14:00Z
SPOT4,2002-08-30T01:22:00Z,2002-08-30T02:13:00Z
SPOT4,2002-10-12T00:52:00Z,2002-10-12T01:46:00Z
SPOT4,2002-11-25T23:48:00Z,2002-11-26T00:39:00Z
SPOT4,2002-12-30T00:35:00Z,2002-12-30T01:26:00Z
SPOT4,2003-01-30T13:39:00Z,2003-01-30T14:09:00Z
SPOT4,2003-02-25T00:39:00Z,2003-02-25T01:30:00Z
SPOT4,2003-04-19T00:20:00Z,2003-04-19T01:11:00Z
SPOT4,2003-06-02T01:15:00Z,2003-06-02T02:06:00Z
SPOT4,2003-08-09T01:05:00Z,2003-08-09T01:59:00Z
SPOT4,2003-10-26T01:08:00Z,2003-10-26T01:59:00Z
SPOT4,2003-12-09T00:21:00Z,2003-12-09T01:12:00Z
SPOT4,2004-04-11T00:36:00Z,2004-04-11T01:27:00Z
SPOT4,2004-05-14T13:00:00Z,2004-05-14T13:32:00Z
SPOT4,2004-05-24T23:50:00Z,2004-05-25T00:41:00Z
SPOT4,2004-07-14T00:29:00Z,2004-07-14T01:20:00Z
SPOT4,2004-10-10T00:38:00Z,2004-10-10T01:29:00Z
SPOT4,2004-12-01T00:36:00Z,2004-12-01T01:29:00Z
SPOT4,2005-04-05T00:34:00Z,2005-04-05T01:25:00Z
SPOT4,2005-06-02T23:56:00Z,2005-06-03T00:50:00Z
SPOT4,2005-09-08T00:33:00Z,2005-09-08T01:24:00Z
SPOT4,2006-01-22T23:57:00Z,2006-01-23T00:48:00Z
SPOT4,2006-01-30T12:22:00Z,2006-01-30T12:51:00Z
SPOT4,2006-02-28T13:07:00Z,2006-02-28T13:32:00Z
SPOT4,2006-03-23T01:03:00Z,2006-03-23T01:54:00Z
SPOT4,2006-05-20T00:48:00Z,2006-05-20T01:39:00Z
SPOT4,2006-08-08T23:50:00Z,2006-08-09T00:41:00Z
SPOT4,2006-10-04T23:52:00Z,2006-10-05T00:46:00Z
SPOT4,2006-10-09T00:17:00Z,2006-10-09T01:09:00Z
SPOT4,2006-11-15T00:06:00Z,2006-11-15T00:57:00Z
SPOT4,2007-01-11T00:10:00Z,2007-01-11T01:01:00Z
SPOT4,2007-03-14T23:58:00Z,2007-03-15T00:49:00Z
SPOT4,2007-06-10T00:22:00Z,2007-06-10T01:15:00Z
SPOT4,2007-12-24T00:31:00Z,2007-12-24T01:25:00Z
SPOT4,2008-01-29T00:41:00Z,2008-01-29T01:32:00Z
SPOT4,2008-02-07T12:26:00Z,2008-02-07T12:57:00Z
SPOT4,2008-04-02T23:49:00Z,2008-04-03T00:40:00Z
SPOT4,2008-06-25T23:33:00Z,2008-06-26T00:24:00Z
SPOT4,2008-08-23T00:58:00Z,2008-08-23T01:49:00Z
SPOT4,2008-08-29T00:43:00Z,2008-08-29T01:34:00Z
SPOT4,2008-11-26T13:28:00Z,2008-11-26T14:00:00Z
SPOT4,2009-07-14T23:45:00Z,2009-07-15T00:36:00Z
SPOT4,2009-10-15T23:55:00Z,2009-10-16T00:46:00Z
SPOT4,2009-12-08T00:50:00Z,2009-12-08T01:42:00Z
SPOT4,2009-12-08T12:34:00Z,2009-12-08T13:26:00Z
SPOT4,2009-12-09T00:29:00Z,2009-12-09T01:20:00Z
SPOT4,2010-01-30T23:33:00Z,2010-01-31T00:25:00Z
SPOT4,2010-01-31T23:08:00Z,2010-02-01T00:00:00Z
SPOT4,2010-02-02T17:25:00Z,2010-02-02T18:16:00Z
SPOT4,2010-03-05T02:20:00Z,2010-03-05T03:11:00Z
SPOT4,2010-03-12T01:44:00Z,2010-03-12T02:36:00Z
SPOT4,2010-03-15T02:32:00Z,2010-03-15T03:23:00Z
SPOT4,2010-04-02T01:35:00Z,2010-04-02T02:26:00Z
SPOT4,2010-06-12T00:33:00Z,2010-06-12T01:24:00Z
SPOT4,2010-11-15T00:28:00Z,2010-11-15T01:19:00Z
SPOT4,2010-12-12T00:08:00Z,2010-12-12T00:59:00Z
SPOT4,2011-02-02T00:05:00Z,2011-02-02T00:56:00Z
SPOT4,2011-04-24T00:45:00Z,2011-04-24T01:36:00Z
SPOT4,2011-07-14T23:23:00Z,2011-07-15T00:14:00Z
SPOT4,2011-10-25T23:37:00Z,2011-10-26T00:28:00Z
SPOT4,2011-12-16T23:34:00Z,2011-12-17T00:25:00Z
SPOT4,2012-03-29T13:02:00Z,2012-03-29T13:56:00Z
SPOT4,2012-04-29T09:58:00Z,2012-04-29T10:49:00Z
SPOT4,2012-06-20T23:26:00Z,2012-06-21T00:17:00Z
SPOT4,2012-09-23T22:52:00Z,2012-09-23T23:43:00Z
SPOT4,2012-11-23T23:14:00Z,2012-11-24T00:05:00Z
SPOT4,2012-12-18T18:05:00Z,2012-12-18T18:56:00Z
SPOT4,2012-12-21T22:33:00Z,2012-12-21T23:24:00Z
SPOT4,2013-01-03T08:10:00Z,2013-01-03T09:01:00Z
SPOT4,2013-01-17T00:12:00Z,2013-01-17T01:04:00Z
SPOT4,2013-01-29T21:09:00Z,2013-01-29T22:04:00Z
SPOT4,2013-02-03T23:20:00Z,2013-02-04T00:11:00Z
SPOT4,2013-04-11T22:34:00Z,2013-04-11T23:25:00Z
SPOT4,2013-06-04T22:50:00Z,2013-06-04T23:41:00Z
SPOT4,2013-06-24T06:10:00Z,2013-06-24T07:17:00Z
SPOT5,2002-05-07T14:15:00Z,2002-05-07T16:00:00Z
SPOT5,2002-05-15T17:15:00Z,2002-05-15T19:00:00Z
SPOT5,2002-06-05T13:21:00Z,2002-06-05T14:15:00Z
SPOT5,2002-08-20T17:42:00Z,2002-08-20T18:35:00Z
SPOT5,2002-09-02T16:52:00Z,2002-09-02T17:45:00Z
SPOT5,2002-09-13T16:40:00Z,2002-09-13T17:33:00Z
SPOT5,2002-09-23T16:48:00Z,2002-09-23T17:41:00Z
SPOT5,2002-10-23T17:12:00Z,2002-10-23T18:05:00Z
SPOT5,2002-11-21T17:55:00Z,2002-11-21T18:48:00Z
SPOT5,2003-01-03T17:28:00Z,2003-01-03T18:21:00Z
SPOT5,2003-03-16T17:43:00Z,2003-03-16T18:37:00Z
SPOT5,2003-06-02T17:01:00Z,2003-06-02T18:46:00Z
SPOT5,2003-07-15T17:16:00Z,2003-07-15T18:09:00Z
SPOT5,2003-10-25T17:54:00Z,2003-10-25T18:47:00Z
SPOT5,2003-11-27T17:18:00Z,2003-11-27T18:12:00Z
SPOT5,2003-12-18T17:15:00Z,2003-12-18T18:08:00Z
SPOT5,2004-01-26T12:18:00Z,2004-01-26T13:13:00Z
SPOT5,2004-01-29T17:06:00Z,2004-01-29T17:59:00Z
SPOT5,2004-03-01T16:51:00Z,2004-03-01T17:44:00Z
SPOT5,2004-04-15T17:26:00Z,2004-04-15T18:19:00Z
SPOT5,2004-05-17T17:11:00Z,2004-05-17T18:04:00Z
SPOT5,2004-07-05T18:09:00Z,2004-07-05T19:03:00Z
SPOT5,2004-09-14T17:03:00Z,2004-09-14T17:56:00Z
SPOT5,2004-12-08T17:27:00Z,2004-12-08T19:13:00Z
SPOT5,2005-01-13T16:36:00Z,2005-01-13T17:29:00Z
SPOT5,2005-04-02T17:57:00Z,2005-04-02T18:50:00Z
SPOT5,2005-07-26T17:01:00Z,2005-07-26T18:47:00Z
SPOT5,2005-11-23T17:34:00Z,2005-11-23T18:27:00Z
SPOT5,2005-12-06T12:38:00Z,2005-12-06T13:33:00Z
SPOT5,2005-12-16T12:46:00Z,2005-12-16T13:40:00Z
SPOT5,2006-01-26T17:03:00Z,2006-01-26T17:56:00Z
SPOT5,2006-05-16T16:48:00Z,2006-05-16T17:41:00Z
SPOT5,2006-08-18T16:49:00Z,2006-08-18T18:34:00Z
SPOT5,2006-10-05T17:58:00Z,2006-10-05T18:51:00Z
SPOT5,2006-12-26T16:40:00Z,2006-12-26T17:33:00Z
SPOT5,2007-03-07T16:32:00Z,2007-03-07T18:18:00Z
SPOT5,2007-06-13T17:28:00Z,2007-06-13T18:22:00Z
SPOT5,2007-07-21T12:04:00Z,2007-07-21T12:06:00Z
SPOT5,2007-10-03T12:27:00Z,2007-10-03T13:22:00Z
SPOT5,2008-03-18T18:00:00Z,2008-03-18T18:54:00Z
SPOT5,2008-04-16T17:10:00Z,2008-04-16T18:56:00Z
SPOT5,2008-05-27T17:13:00Z,2008-05-27T18:06:00Z
SPOT5,2008-06-25T19:37:00Z,2008-06-25T20:30:00Z
SPOT5,2008-08-20T16:36:00Z,2008-08-20T17:29:00Z
SPOT5,2008-09-30T16:48:00Z,2008-09-30T17:41:00Z
SPOT5,2008-10-31T16:50:00Z,2008-10-31T17:43:00Z
SPOT5,2008-12-03T12:09:00Z,2008-12-03T13:04:00Z
SPOT5,2008-12-10T13:16:00Z,2008-12-10T14:10:00Z
SPOT5,2008-12-17T12:41:00Z,2008-12-17T13:35:00Z
SPOT5,2009-04-26T16:50:00Z,2009-04-26T17:43:00Z
SPOT5,2009-06-17T16:09:00Z,2009-06-17T17:54:00Z
SPOT5,2009-09-11T17:40:00Z,2009-09-11T18:33:00Z
SPOT5,2009-10-09T17:01:00Z,2009-10-09T17:54:00Z
SPOT5,2009-12-06T16:46:00Z,2009-12-06T17:40:00Z
SPOT5,2010-01-04T17:29:00Z,2010-01-04T18:22:00Z
SPOT5,2010-03-27T17:54:00Z,2010-03-27T18:47:00Z
SPOT5,2010-04-21T03:42:00Z,2010-04-21T03:44:00Z
SPOT5,2010-04-29T17:19:00Z,2010-04-29T18:13:00Z
SPOT5,2010-06-28T17:24:00Z,2010-06-28T19:10:00Z
SPOT5,2010-10-26T17:59:00Z,2010-10-26T18:52:00Z
SPOT5,2010-12-01T18:07:00Z,2010-12-01T19:00:00Z
SPOT5,2011-01-24T17:28:00Z,2011-01-24T18:21:00Z
SPOT5,2011-02-05T00:13:00Z,2011-02-05T00:15:00Z
SPOT5,2011-02-10T17:00:00Z,2011-02-10T17:54:00Z
SPOT5,2011-04-17T17:31:00Z,2011-04-17T18:24:00Z
SPOT5,2011-06-23T17:00:00Z,2011-06-23T18:45:00Z
SPOT5,2011-09-20T17:29:00Z,2011-09-20T18:22:00Z
SPOT5,2011-11-22T17:16:00Z,2011-11-22T18:10:00Z
SPOT5,2012-02-04T16:51:00Z,2012-02-04T17:45:00Z
SPOT5,2012-03-28T17:38:00Z,2012-03-28T18:31:00Z
SPOT5,2012-05-19T16:29:00Z,2012-05-19T17:22:00Z
SPOT5,2012-07-19T16:13:00Z,2012-07-19T17:58:00Z
SPOT5,2012-09-13T17:16:00Z,2012-09-13T18:10:00Z
SPOT5,2012-11-04T17:15:00Z,2012-11-04T18:08:00Z
SPOT5,2012-11-18T01:51:00Z,2012-11-18T01:54:00Z
SPOT5,2012-11-30T17:14:00Z,2012-11-30T18:07:00Z
SPOT5,2013-02-18T16:31:00Z,2013-02-18T17:25:00Z
SPOT5,2013-05-05T17:07:00Z,2013-05-05T18:00:00Z
SPOT5,2013-06-23T23:08:00Z,2013-06-23T23:11:00Z
SPOT5,2013-06-28T16:34:00Z,2013-06-28T18:20:00Z
SPOT5,2013-08-15T17:41:00Z,2013-08-15T18:34:00Z
SPOT5,2013-10-24T15:18:00Z,2013-10-24T15:20:00Z
SPOT5,2013-12-18T01:59:00Z,2013-12-18T02:52:00Z
SPOT5,2013-12-19T01:59:00Z,2013-12-19T02:52:00Z
SPOT5,2014-01-14T13:31:00Z,2014-01-14T13:34:00Z
SPOT5,2014-01-16T01:01:00Z,2014-01-16T01:04:00Z
SPOT5,2014-02-10T16:48:00Z,2014-02-10T17:41:00Z
SPOT5,2014-03-11T11:30:00Z,2014-03-11T11:33:00Z
SPOT5,2014-03-13T12:32:00Z,2014-03-13T12:35:00Z
SPOT5,2014-05-16T16:15:00Z,2014-05-16T17:08:00Z
SPOT5,2014-06-02T03:12:00Z,2014-06-02T03:15:00Z
SPOT5,2014-06-05T16:29:00Z,2014-06-05T17:22:00Z
SPOT5,2014-07-02T06:28:00Z,2014-07-02T06:31:00Z
SPOT5,2014-07-07T15:29:00Z,2014-07-07T17:14:00Z
SPOT5,2014-09-12T16:18:00Z,2014-09-12T17:11:00Z
SPOT5,2014-10-31T17:13:00Z,2014-10-31T18:06:00Z
SPOT5,2014-12-18T16:45:00Z,2014-12-18T17:39:00Z
SPOT5,2015-01-15T18:55:00Z,2015-01-15T18:58:00Z
SPOT5,2015-01-17T17:07:00Z,2015-01-17T18:00:00Z
SPOT5,2015-02-23T16:52:00Z,2015-02-23T17:45:00Z
SPOT5,2015-03-20T06:45:00Z,2015-03-20T06:47:00Z
SPOT5,2015-03-21T17:40:00Z,2015-03-21T18:33:00Z
SPOT5,2015-04-02T04:36:00Z,2015-04-02T07:12:00Z
SPOT5,2015-04-13T15:56:00Z,2015-04-13T16:49:00Z
SPOT5,2015-04-15T00:14:00Z,2015-04-15T00:16:00Z
SPOT5,2015-04-20T16:56:00Z,2015-04-20T17:49:00Z
SPOT5,2015-05-18T00:49:00Z,2015-05-18T00:51:00Z
SPOT5,2015-05-21T16:33:00Z,2015-05-21T17:26:00Z
SPOT5,2015-08-04T16:26:00Z,2015-08-04T17:19:00Z
SPOT5,2015-12-01T19:04:00Z,2015-12-01T21:07:00Z
SPOT5,2015-12-02T20:16:00Z,2015-12-02T22:18:00Z
SPOT5,2015-12-03T21:25:00Z,2015-12-03T23:27:00Z
SPOT5,2015-12-04T20:48:00Z,2015-12-04T22:50:00Z
SPOT5,2015-12-07T20:26:00Z,2015-12-07T22:28:00Z
SPOT5,2015-12-08T21:21:00Z,2015-12-08T23:22:00Z
SPOT5,2015-12-09T20:10:00Z,2015-12-09T20:13:00Z
SARAL,2013-02-27T13:14:00Z,2013-02-27T13:19:00Z
SARAL,2013-02-27T14:58:00Z,2013-02-27T15:04:00Z
SARAL,2013-03-01T15:51:00Z,2013-03-01T15:53:00Z
SARAL,2013-03-02T06:03:00Z,2013-03-02T06:05:00Z
SARAL,2013-03-03T02:10:00Z,2013-03-03T02:12:00Z
SARAL,2013-03-05T01:05:00Z,2013-03-05T01:06:00Z
SARAL,2013-03-13T00:03:00Z,2013-03-13T00:04:00Z
SARAL,2013-03-23T12:14:00Z,2013-03-23T12:14:00Z
SARAL,2013-04-13T12:54:00Z,2013-04-13T12:54:00Z
SARAL,2013-05-15T12:48:00Z,2013-05-15T12:48:00Z
SARAL,2013-06-07T12:25:00Z,2013-06-07T12:25:00Z
SARAL,2013-06-24T13:31:00Z,2013-06-24T13:31:00Z
SARAL,2013-07-14T14:42:00Z,2013-07-14T14:42:00Z
SARAL,2013-07-29T00:54:00Z,2013-07-29T00:58:00Z
SARAL,2013-07-31T14:08:00Z,2013-07-31T14:08:00Z
SARAL,2013-08-07T13:48:00Z,2013-08-07T13:48:00Z
SARAL,2013-08-26T13:51:00Z,2013-08-26T13:51:00Z
SARAL,2013-10-03T13:56:00Z,2013-10-03T13:57:00Z
SARAL,2013-10-07T13:30:00Z,2013-10-07T13:32:00Z
SARAL,2013-10-09T14:08:00Z,2013-10-09T14:08:00Z
SARAL,2013-10-28T14:11:00Z,2013-10-28T14:11:00Z
SARAL,2013-11-07T13:57:00Z,2013-11-07T13:57:00Z
SARAL,2013-11-25T14:31:00Z,2013-11-25T14:31:00Z
SARAL,2013-12-12T13:56:00Z,2013-12-12T13:57:00Z
SARAL,2013-12-27T14:25:00Z,2013-12-27T14:25:00Z
SARAL,2014-01-28T12:39:00Z,2014-01-28T12:39:00Z
SARAL,2014-03-03T14:51:00Z,2014-03-03T14:51:00Z
SARAL,2014-03-26T12:47:00Z,2014-03-26T12:47:00Z
SARAL,2014-04-18T12:24:00Z,2014-04-18T12:24:00Z
SARAL,2014-05-19T14:31:00Z,2014-05-19T14:31:00Z
SARAL,2014-07-09T12:47:00Z,2014-07-09T12:47:00Z
SARAL,2014-08-13T12:47:00Z,2014-08-13T12:47:00Z
SARAL,2014-09-12T13:45:00Z,2014-09-12T13:45:00Z
SARAL,2014-10-06T12:40:00Z,2014-10-06T12:40:00Z
SARAL,2014-10-10T12:14:00Z,2014-10-10T12:15:00Z
SARAL,2014-10-16T12:27:00Z,2014-10-16T12:27:00Z
SARAL,2014-11-04T12:27:00Z,2014-11-04T12:27:00Z
SARAL,2014-11-21T13:39:00Z,2014-11-21T13:39:00Z
SARAL,2014-12-10T13:47:00Z,2014-12-10T13:47:00Z
SARAL,2014-12-26T13:44:00Z,2014-12-26T13:44:00Z
SARAL,2015-01-22T14:31:00Z,2015-01-22T14:31:00Z
SARAL,2015-02-21T13:48:00Z,2015-02-21T13:48:00Z
SARAL,2015-03-31T13:50:00Z,2015-03-31T13:50:00Z
SARAL,2015-04-09T12:28:00Z,2015-04-09T12:28:00Z
SARAL,2015-05-26T10:01:00Z,2015-05-26T10:02:00Z
SARAL,2015-05-26T12:51:00Z,2015-05-26T12:51:00Z
SARAL,2015-06-16T13:23:00Z,2015-06-16T13:42:00Z
SARAL,2015-07-08T13:32:00Z,2015-07-08T13:50:00Z
SARAL,2015-08-11T12:24:00Z,2015-08-11T12:43:00Z
SARAL,2015-08-24T12:15:00Z,2015-08-24T12:34:00Z
SARAL,2015-10-21T13:33:00Z,2015-10-21T13:52:00Z
SARAL,2015-11-12T13:41:00Z,2015-11-12T13:57:00Z
SARAL,2015-11-26T13:08:00Z,2015-11-26T13:24:00Z
SARAL,2016-01-07T14:28:00Z,2016-01-07T14:44:00Z
SARAL,2016-03-18T15:08:00Z,2016-03-18T15:25:00Z
SARAL,2016-04-07T13:18:00Z,2016-04-07T13:34:00Z
SARAL,2016-07-04T12:13:00Z,2016-07-04T12:31:00Z
SARAL,2017-12-02T12:32:00Z,2017-12-02T12:48:00Z
SARAL,2019-06-01T13:29:00Z,2019-06-01T13:46:00Z
SARAL,2021-11-20T12:18:00Z,2021-11-20T12:18:00Z
SARAL,2022-04-18T11:08:00Z,2022-04-18T11:28:00Z
SARAL,2022-09-21T11:46:00Z,2022-09-21T11:46:00Z
TOPEX,1992-08-17T18:22:00Z,1992-08-17T18:22:00Z
TOPEX,1992-08-20T17:23:00Z,1992-08-20T17:23:00Z
TOPEX,1992-08-27T18:13:00Z,1992-08-27T18:13:00Z
TOPEX,1992-09-02T18:22:00Z,1992-09-02T18:22:00Z
TOPEX,1992-09-08T18:49:00Z,1992-09-08T18:49:00Z
TOPEX,1992-09-14T17:15:00Z,1992-09-14T17:15:00Z
TOPEX,1992-09-21T19:44:00Z,1992-09-21T19:44:00Z
TOPEX,1992-10-12T23:14:00Z,1992-10-12T23:14:00Z
TOPEX,1992-12-21T09:03:00Z,1992-12-21T09:03:00Z
TOPEX,1993-03-30T12:44:00Z,1993-03-30T12:44:00Z
TOPEX,1993-08-06T10:02:00Z,1993-08-06T10:02:00Z
TOPEX,1994-01-31T20:51:00Z,1994-01-31T20:51:00Z
TOPEX,1994-05-20T23:52:00Z,1994-05-20T23:52:00Z
TOPEX,1994-10-06T18:13:00Z,1994-10-06T18:13:00Z
TOPEX,1995-05-22T22:03:00Z,1995-05-22T22:03:00Z
TOPEX,1996-01-15T19:11:00Z,1996-01-15T19:11:00Z
TOPEX,1998-12-01T20:37:00Z,1998-12-01T20:37:00Z
TOPEX,1999-06-08T07:11:00Z,1999-06-08T07:11:00Z
TOPEX,1999-10-16T22:30:00Z,1999-10-16T22:30:00Z
TOPEX,2000-01-12T10:39:00Z,2000-01-12T10:39:00Z
TOPEX,2000-04-20T15:56:00Z,2000-04-20T15:56:00Z
TOPEX,2000-07-08T23:09:00Z,2000-07-08T23:09:00Z
TOPEX,2000-09-26T06:00:00Z,2000-09-26T06:00:00Z
TOPEX,2001-01-13T07:44:00Z,2001-01-13T07:44:00Z
TOPEX,2001-05-02T10:38:00Z,2001-05-02T10:38:00Z
TOPEX,2001-09-18T05:07:00Z,2001-09-18T05:07:00Z
TOPEX,2001-11-26T14:57:00Z,2001-11-26T14:57:00Z
TOPEX,2002-02-04T00:43:00Z,2002-02-04T00:43:00Z
TOPEX,2002-05-04T06:55:00Z,2002-05-04T06:55:00Z
TOPEX,2002-08-15T19:13:00Z,2002-08-15T19:13:00Z
TOPEX,2002-08-19T18:50:00Z,2002-08-19T18:50:00Z
TOPEX,2002-08-23T18:23:00Z,2002-08-23T18:23:00Z
TOPEX,2002-09-10T21:10:00Z,2002-09-10T21:10:00Z
TOPEX,2002-09-13T20:19:00Z,2002-09-13T20:19:00Z
TOPEX,2002-09-16T19:27:00Z,2002-09-16T19:27:00Z
TOPEX,2002-12-18T08:06:00Z,2002-12-18T08:06:00Z
TOPEX,2003-04-26T05:47:00Z,2003-04-26T05:47:00Z
TOPEX,2004-08-03T18:30:00Z,2004-08-03T18:30:00Z
TOPEX,2004-09-23T18:46:00Z,2004-09-23T18:46:00Z
TOPEX,2004-09-23T19:41:00Z,2004-09-23T19:41:00Z
TOPEX,2004-09-23T20:33:00Z,2004-09-23T20:33:00Z
TOPEX,2004-11-17T18:44:00Z,2004-11-17T18:44:00Z
TOPEX,2004-11-17T20:52:00Z,2004-11-17T20:52:00Z
FY2D,2015-04-10T15:30:00Z,2015-04-10T16:30:00Z
FY2D,2015-01-27T14:30:00Z,2015-01-27T15:30:00Z
FY2D,2014-10-24T15:30:00Z,2014-10-24T16:30:00Z
FY2D,2014-08-04T15:30:00Z,2014-08-04T16:30:00Z
FY2D,2014-05-09T15:30:00Z,2014-05-09T16:30:00Z
FY2D,2014-02-20T15:30:00Z,2014-02-20T16:30:00Z
FY2D,2013-11-22T15:30:00Z,2013-11-22T16:30:00Z
FY2D,2013-09-16T15:30:00Z,2013-09-16T16:30:00Z
FY2D,2013-06-25T15:30:00Z,2013-06-25T16:30:00Z
FY2D,2013-04-09T15:30:00Z,2013-04-09T16:30:00Z
FY2D,2013-02-05T15:30:00Z,2013-02-05T16:30:00Z
FY2D,2012-12-25T11:00:00Z,2012-12-26T15:00:00Z
FY2D,2012-11-01T09:30:00Z,2012-11-01T10:30:00Z
FY2D,2012-08-10T15:00:00Z,2012-08-10T16:00:00Z
FY2D,2012-05-16T10:00:00Z,2012-05-16T11:00:00Z
FY2D,2012-03-12T15:30:00Z,2012-03-12T16:30:00Z
FY2D,2011-12-29T16:30:00Z,2011-12-29T17:30:00Z
FY2D,2011-10-17T09:00:00Z,2011-10-17T10:00:00Z
FY2D,2011-08-04T15:30:00Z,2011-08-04T16:30:00Z
FY2D,2011-06-02T15:30:00Z,2011-06-02T16:30:00Z
FY2D,2011-03-28T16:00:00Z,2011-03-28T17:00:00Z
FY2D,2011-02-01T15:00:00Z,2011-02-01T16:00:00Z
FY2E,2018-10-15T16:15:00Z,2018-10-15T17:15:00Z
FY2E,2018-07-16T16:15:00Z,2018-07-16T17:15:00Z
FY2E,2018-04-17T16:15:00Z,2018-04-17T17:15:00Z
FY2E,2018-02-02T16:15:00Z,2018-02-02T17:15:00Z
FY2E,2017-11-15T16:15:00Z,2017-11-15T17:15:00Z
FY2E,2017-08-24T16:15:00Z,2017-08-24T17:15:00Z
FY2E,2017-06-06T16:15:00Z,2017-06-06T17:15:00Z
FY2E,2017-02-22T15:30:00Z,2017-02-22T16:30:00Z
FY2E,2016-11-24T16:45:00Z,2016-11-24T17:45:00Z
FY2E,2016-09-12T16:30:00Z,2016-09-12T17:30:00Z
FY2E,2016-07-11T15:45:00Z,2016-07-11T16:15:00Z
FY2E,2016-04-14T15:30:00Z,2016-04-14T16:30:00Z
FY2E,2016-01-15T15:30:00Z,2016-01-15T16:30:00Z
FY2E,2015-12-22T00:00:00Z,2015-12-23T23:59:59Z
FY2E,2015-09-28T15:30:00Z,2015-09-28T16:30:00Z
FY2E,2015-08-03T15:30:00Z,2015-08-03T16:30:00Z
FY2E,2015-04-13T15:30:00Z,2015-04-13T16:30:00Z
FY2E,2015-02-28T15:30:00Z,2015-02-28T16:30:00Z
FY2E,2015-01-15T15:30:00Z,2015-01-15T16:30:00Z
FY2E,2014-12-01T15:30:00Z,2014-12-01T16:30:00Z
FY2E,2014-10-17T15:30:00Z,2014-10-17T16:30:00Z
FY2E,2014-09-05T15:30:00Z,2014-09-05T16:30:00Z
FY2E,2014-07-21T15:30:00Z,2014-07-21T16:30:00Z
FY2E,2014-06-06T15:30:00Z,2014-06-06T16:30:00Z
FY2E,2014-04-21T15:30:00Z,2014-04-21T16:30:00Z
FY2E,2014-03-10T15:30:00Z,2014-03-10T16:30:00Z
FY2E,2014-01-27T08:30:00Z,2014-01-27T09:30:00Z
FY2E,2013-12-13T15:30:00Z,2013-12-13T16:30:00Z
FY2E,2013-10-24T15:30:00Z,2013-10-24T16:30:00Z
FY2E,2013-09-09T15:30:00Z,2013-09-09T16:30:00Z
FY2E,2013-07-26T15:30:00Z,2013-07-26T16:30:00Z
FY2E,2013-06-13T15:30:00Z,2013-06-13T16:30:00Z
FY2E,2013-04-27T16:30:00Z,2013-04-27T17:30:00Z
FY2E,2013-03-15T16:30:00Z,2013-03-15T17:30:00Z
FY2E,2013-01-30T16:30:00Z,2013-01-30T17:30:00Z
FY2E,2012-12-12T14:30:00Z,2012-12-12T15:30:00Z
FY2E,2012-10-22T14:30:00Z,2012-10-22T15:30:00Z
FY2E,2012-09-04T15:30:00Z,2012-09-04T16:30:00Z
FY2E,2012-07-18T10:30:00Z,2012-07-18T11:30:00Z
FY2E,2012-04-16T15:30:00Z,2012-04-16T16:30:00Z
FY2E,2012-02-23T15:30:00Z,2012-02-23T16:30:00Z
FY2E,2012-01-04T16:00:00Z,2012-01-04T17:00:00Z
FY2E,2011-11-15T09:00:00Z,2011-11-15T10:00:00Z
FY2E,2011-09-26T16:30:00Z,2011-09-26T17:30:00Z
FY2E,2011-08-15T16:30:00Z,2011-08-15T17:30:00Z
FY2E,2012-06-21T16:30:00Z,2012-06-21T17:30:00Z
FY2E,2011-05-05T16:30:00Z,2011-05-05T17:30:00Z
FY2E,2011-03-17T16:30:00Z,2011-03-17T17:30:00Z
FY2F,2022-01-05T08:30:00Z,2022-01-05T09:30:00Z
FY2F,2021-11-15T15:30:00Z,2021-11-15T16:30:00Z
FY2F,2021-09-23T16:00:00Z,2021-09-23T17:00:00Z
FY2F,2021-08-04T15:00:00Z,2021-08-04T16:00:00Z
FY2F,2021-06-15T16:00:00Z,2021-06-15T17:00:00Z
FY2F,2021-04-21T16:30:00Z,2021-04-21T17:30:00Z
FY2F,2021-03-08T16:30:00Z,2021-03-08T17:30:00Z
FY2F,2021-01-13T15:30:00Z,2021-01-13T16:30:00Z
FY2F,2020-11-16T15:00:00Z,2020-11-16T16:00:00Z
FY2F,2021-09-22T16:00:00Z,2021-09-22T17:00:00Z
FY2F,2020-07-31T15:00:00Z,2020-07-31T16:00:00Z
FY2F,2020-06-11T15:30:00Z,2020-06-11T16:30:00Z
FY2F,2020-04-16T15:30:00Z,2020-04-16T16:30:00Z
FY2F,2020-03-02T15:30:00Z,2020-03-02T16:30:00Z
FY2F,2020-01-15T16:00:00Z,2020-01-15T17:00:00Z
FY2F,2019-11-29T16:00:00Z,2019-11-29T17:00:00Z
FY2F,2019-10-11T16:00:00Z,2019-10-11T17:00:00Z
FY2F,2019-08-30T16:00:00Z,2019-08-30T17:00:00Z
FY2F,2019-07-12T16:00:00Z,2019-07-12T17:00:00Z
FY2F,2019-05-27T16:00:00Z,2019-05-27T17:00:00Z
FY2F,2019-04-11T16:00:00Z,2019-04-11T17:00:00Z
FY2F,2019-02-22T16:00:00Z,2019-02-22T17:00:00Z
FY2F,2019-01-15T16:00:00Z,2019-01-15T17:00:00Z
FY2F,2018-11-27T00:00:00Z,2018-11-30T23:59:59Z
FY2F,2018-11-02T16:30:00Z,2018-11-02T17:30:00Z
FY2F,2018-09-18T16:00:00Z,2018-09-18T17:00:00Z
FY2F,2018-07-31T16:30:00Z,2018-07-31T17:30:00Z
FY2F,2018-06-11T15:30:00Z,2018-06-11T16:30:00Z
FY2F,2018-04-20T15:30:00Z,2018-04-20T16:30:00Z
FY2F,2018-01-19T16:30:00Z,2018-01-19T17:30:00Z
FY2F,2018-10-20T16:30:00Z,2018-10-20T17:30:00Z
FY2F,2017-09-05T16:30:00Z,2017-09-05T17:30:00Z
FY2F,2017-09-05T16:30:00Z,2017-09-05T17:30:00Z
FY2F,2017-07-14T16:30:00Z,2017-07-14T17:30:00Z
FY2F,2017-05-26T16:30:00Z,2017-05-26T17:30:00Z
FY2F,2017-04-10T16:30:00Z,2017-04-10T17:30:00Z
FY2F,2017-02-20T16:30:00Z,2017-02-20T17:30:00Z
FY2F,2017-01-06T16:30:00Z,2017-01-06T17:30:00Z
FY2F,2016-11-18T16:30:00Z,2016-11-18T17:30:00Z
FY2F,2016-09-29T16:30:00Z,2016-09-29T17:30:00Z
FY2F,2016-08-12T16:30:00Z,2016-08-12T17:30:00Z
FY2F,2016-06-24T16:30:00Z,2016-06-24T17:30:00Z
FY2F,2016-05-06T15:30:00Z,2016-05-06T16:30:00Z
FY2F,2016-03-17T15:30:00Z,2016-03-17T16:30:00Z
FY2F,2016-02-03T15:30:00Z,2016-02-03T16:30:00Z
FY2F,2015-12-21T15:30:00Z,2015-12-21T16:30:00Z
FY2F,2015-10-30T15:30:00Z,2015-10-30T16:30:00Z
FY2F,2015-09-16T15:30:00Z,2015-09-16T16:30:00Z
FY2F,2015-07-29T15:30:00Z,2015-07-29T16:30:00Z
FY2F,2015-06-12T16:30:00Z,2015-06-12T17:30:00Z
FY2F,2015-04-17T16:30:00Z,2015-04-17T17:30:00Z
FY2F,2015-03-05T15:30:00Z,2015-03-05T16:30:00Z
FY2F,2015-01-19T09:30:00Z,2015-01-19T10:30:00Z
FY2F,2014-12-05T15:30:00Z,2014-12-05T16:30:00Z
FY2F,2014-10-20T15:30:00Z,2014-10-20T16:30:00Z
FY2F,2014-09-12T15:30:00Z,2014-09-12T16:30:00Z
FY2F,2014-07-31T16:30:00Z,2014-07-31T17:30:00Z
FY2F,2014-04-25T16:30:00Z,2014-04-25T17:30:00Z
FY2F,2014-03-07T16:30:00Z,2014-03-07T17:30:00Z
FY2F,2014-01-24T15:30:00Z,2014-01-24T16:30:00Z
FY2F,2013-12-09T15:30:00Z,2013-12-09T16:30:00Z
FY2F,2013-10-21T15:30:00Z,2013-10-21T16:30:00Z
FY2F,2013-09-06T15:30:00Z,2013-09-06T16:30:00Z
FY2F,2013-07-22T15:30:00Z,2013-07-22T16:30:00Z
FY2F,2013-04-16T15:30:00Z,2013-04-16T16:30:00Z
FY2F,2013-03-04T22:30:00Z,2013-03-04T23:30:00Z
FY2F,2013-01-15T02:30:00Z,2013-01-15T03:30:00Z
FY2F,2012-09-11T15:00:00Z,2012-09-11T16:00:00Z
FY2H,2022-01-18T09:00:00Z,2022-01-18T10:00:00Z
FY2H,2021-09-27T15:00:00Z,2021-09-27T16:00:00Z
FY2H,2021-06-11T16:00:00Z,2021-06-11T17:00:00Z
FY2H,2021-03-03T16:30:00Z,2021-03-03T17:30:00Z
FY2H,2020-11-09T15:00:00Z,2020-11-09T16:00:00Z
FY2H,2020-08-06T15:00:00Z,2020-08-06T16:00:00Z
FY2H,2020-04-15T15:00:00Z,2020-04-15T16:00:00Z
FY2H,2020-01-03T09:00:00Z,2020-01-03T10:00:00Z
FY2H,2019-09-27T15:00:00Z,2019-09-27T16:00:00Z
FY2H,2019-05-09T16:00:00Z,2019-05-09T17:00:00Z
FY2H,2019-04-18T16:30:00Z,2019-04-18T17:30:00Z
FY2H,2019-01-18T09:00:00Z,2019-01-18T10:00:00Z
FY4A,2022-02-21T16:16:00Z,2022-02-21T16:44:00Z
FY4A,2022-01-21T16:16:00Z,2022-01-21T16:44:00Z
FY4A,2021-12-31T16:16:00Z,2021-12-31T16:44:00Z
FY4A,2021-12-07T16:16:00Z,2021-12-07T16:44:00Z
FY4A,2021-11-12T08:16:00Z,2021-11-12T08:44:00Z
FY4A,2021-10-18T16:16:00Z,2021-10-18T16:44:00Z
FY4A,2021-09-22T17:30:00Z,2021-09-22T22:00:00Z
FY4A,2021-09-10T16:16:00Z,2021-09-10T16:44:00Z
FY4A,2021-08-04T16:16:00Z,2021-08-04T16:44:00Z
FY4A,2021-07-02T16:16:00Z,2021-07-02T16:44:00Z
FY4A,2021-05-28T16:16:00Z,2021-05-28T16:44:00Z
FY4A,2021-04-20T17:16:00Z,2021-04-20T17:44:00Z
FY4A,2021-03-18T18:00:00Z,2021-03-18T23:00:00Z
FY4A,2021-03-11T17:16:00Z,2021-03-11T17:44:00Z
FY4A,2021-02-09T17:16:00Z,2021-02-09T17:44:00Z
FY4A,2021-01-15T17:16:00Z,2021-01-15T17:44:00Z
FY4A,2020-12-16T17:16:00Z,2020-12-16T17:44:00Z
FY4A,2020-11-18T09:16:00Z,2020-11-18T09:44:00Z
FY4A,2020-10-22T09:16:00Z,2020-10-22T09:44:00Z
FY4A,2021-09-21T17:30:00Z,2021-09-21T21:30:00Z
FY4A,2021-08-20T16:16:00Z,2021-08-20T16:44:00Z
FY4A,2020-07-21T16:16:00Z,2020-07-21T16:44:00Z
FY4A,2020-05-18T15:16:00Z,2020-05-18T15:44:00Z
FY4A,2020-04-17T15:16:00Z,2020-04-17T15:44:00Z
FY4A,2020-03-26T17:16:00Z,2020-03-26T17:44:00Z
FY4A,2020-03-25T17:30:00Z,2020-03-25T22:00:00Z
FY4A,2020-03-12T15:16:00Z,2020-03-12T15:44:00Z
FY4A,2020-01-16T17:16:00Z,2020-01-16T17:44:00Z
FY4A,2019-12-18T17:16:00Z,2019-12-18T17:44:00Z
FY4A,2019-10-09T16:00:00Z,2019-10-09T20:30:00Z
FY4A,2019-09-18T16:16:00Z,2019-09-18T16:44:00Z
FY4A,2019-08-16T15:16:00Z,2019-08-16T15:44:00Z
FY4A,2020-06-14T17:16:00Z,2020-06-14T17:44:00Z
FY4A,2019-05-16T17:16:00Z,2019-05-16T17:44:00Z
FY4A,2019-04-15T17:16:00Z,2019-04-15T17:44:00Z
FY4A,2019-03-19T17:16:00Z,2019-03-19T17:44:00Z
FY4A,2019-03-18T17:30:00Z,2019-03-18T23:00:00Z
FY4A,2019-02-12T17:16:00Z,2019-02-12T17:44:00Z
FY4A,2019-01-09T17:16:00Z,2019-01-09T17:44:00Z
FY4A,2018-12-10T09:16:00Z,2018-12-10T09:44:00Z
FY4A,2018-11-09T09:16:00Z,2018-11-09T09:44:00Z
FY4A,2018-10-09T09:16:00Z,2018-10-09T09:44:00Z
FY4A,2018-09-20T16:16:00Z,2018-09-20T16:44:00Z
FY4A,2018-09-19T17:30:00Z,2018-09-19T22:00:00Z
FY4A,2018-09-10T10:16:00Z,2018-09-10T10:44:00Z
FY4A,2018-08-08T15:16:00Z,2018-08-08T15:44:00Z
FY4A,2018-07-12T16:16:00Z,2018-07-12T16:44:00Z
FY4A,2018-06-14T17:16:00Z,2018-06-14T17:44:00Z
FY4A,2018-05-22T17:16:00Z,2018-05-22T17:44:00Z
